objectID,sourceMuseum,sourceObjectID,title,objectName,department,culture,period,objectDate,medium,creditLine,accessionYear,excavation,placeOfCreation,placeOfDiscovery,provenance,primaryImage,objectURL
louvre:cl010002359,louvre,cl010002359,Taharqa et Hémen,figurine,Département des Antiquités égyptiennes,,Date de création/fabrication : Nefertoumkhourê Taharqa (inscription/dédicace/signature) (-690 - -664),Date de création/fabrication : Nefertoumkhourê Taharqa (inscription/dédicace/signature) (-690 - -664),"Matériau : bois (socle en bois), bronze (Taharqa), chloritite (Hémen)
Matériau secondaire : argent (placage du socle de bois), or (placage du dieu Hémen)
Technique : placage, ronde-bosse",achat en vente publique (31/01/1952),1952,,,,,https://collections.louvre.fr/media/cache/large/0000000021/0000002359/0001070516_OG.JPG,https://collections.louvre.fr/ark:/53355/cl010002359
louvre:cl010002360,louvre,cl010002360,Statue de Tiy et Amenhotep III,statue de couple (fragment),Département des Antiquités égyptiennes,,Date de création/fabrication : Amenhotep III (inscription/dédicace/signature) (-1388 - -1349),Date de création/fabrication : Amenhotep III (inscription/dédicace/signature) (-1388 - -1349),"Matériau : stéatite
Technique : ronde-bosse, glaçurage, martelage
Couleur : vert",achat et don (1826),1826,,,,,https://collections.louvre.fr/media/cache/large/0000000021/0000002360/0000060849_OG.JPG,https://collections.louvre.fr/ark:/53355/cl010002360
louvre:cl010003518,louvre,cl010003518,papyrus Jumilhac,papyrus funéraire,Département des Antiquités égyptiennes,,Date de création/fabrication : époque ptolémaïque (attribution d'après style) (-332 - -30),Date de création/fabrication : époque ptolémaïque (attribution d'après style) (-332 - -30),Matériau : papyrus,achat (02/11/1944),1944,,,,,https://collections.louvre.fr/media/cache/large/0000000021/0000003518/0000558571_OG.JPG,https://collections.louvre.fr/ark:/53355/cl010003518
louvre:cl010003776,louvre,cl010003776,Buste d'Akhénaton,statue ; pilier osiriaque (fragment),Département des Antiquités égyptiennes,,Date de création/fabrication : Amenhotep IV Akhénaton (inscription/dédicace/signature) (-1349 - -1333),Date de création/fabrication : Amenhotep IV Akhénaton (inscription/dédicace/signature) (-1349 - -1333),"Matériau : grès
Technique : ronde-bosse, peinture (traces)",don (18/05/1972),1972,Temple d'Amenhotep IV Akhénathon (Karnak Est->Karnak->Thèbes Est),,Temple d'Amenhotep IV Akhénathon (Karnak Est->Karnak->Thèbes Est),,https://collections.louvre.fr/media/cache/large/0000000021/0000003776/0000065309_OG.JPG,https://collections.louvre.fr/ark:/53355/cl010003776
louvre:cl010004065,louvre,cl010004065,modèle,modèle,Département des Antiquités égyptiennes,,Date de création/fabrication : Première Période intermédiaire (?) ; Moyen Empire (?) (attribution d'après style) (-2250 - -1680),Date de création/fabrication : Première Période intermédiaire (?) ; Moyen Empire (?) (attribution d'après style) (-2250 - -1680),"Matériau : bois
Technique : peinture, ronde-bosse
Couleur : blanc-noir",achat (01/07/1971),1971,,,,,https://collections.louvre.fr/media/cache/large/0000000021/0000004065/0000337362_OG.JPG,https://collections.louvre.fr/ark:/53355/cl010004065
louvre:cl010005241,louvre,cl010005241,figurine ; enseigne divine,figurine ; enseigne divine,Département des Antiquités égyptiennes,,Date de création/fabrication : Basse Époque (attribution d'après style) (-664 - -332),Date de création/fabrication : Basse Époque (attribution d'après style) (-664 - -332),"Matériau : alliage cuivreux (enseigne), ivoire (?) (manche)
Matériau secondaire : bitume (sur le manche)
Technique : fonte creuse",achat (15/07/1868),1868,,,,,https://collections.louvre.fr/media/cache/large/0000000021/0000005241/0000333595_OG.JPG,https://collections.louvre.fr/ark:/53355/cl010005241
louvre:cl010005443,louvre,cl010005443,statue,statue,Département des Antiquités égyptiennes,,Date de création/fabrication : Amenhotep III (inscription/dédicace/signature) (-1388 - -1349),Date de création/fabrication : Amenhotep III (inscription/dédicace/signature) (-1388 - -1349),"Matériau : diorite
Technique : gravure, ronde-bosse
Couleur : noir",achat (01/04/1954),1954,,,,Hérakléopolis Magna (Moyenne Égypte->Égypte->Afrique du Nord) (d'après texte),https://collections.louvre.fr/media/cache/large/0000000021/0000005443/0000063497_OG.JPG,https://collections.louvre.fr/ark:/53355/cl010005443
louvre:cl010005798,louvre,cl010005798,relief mural,relief mural (fragment),Département des Antiquités égyptiennes,,Date de création/fabrication : Ounas (?) (attribution d'après style) (-2432 - -2413),Date de création/fabrication : Ounas (?) (attribution d'après style) (-2432 - -2413),"Matériau : calcaire
Technique : bas-relief saillant, peinture
Couleur : faibles tracés de couleur ocre jaune et rouge",achat (07/11/1949),1949,complexe funéraire d'Ounas (Saqqara->Saqqara-Nord) (?) (chaussée d'Ounas ?),,complexe funéraire d'Ounas (Saqqara->Saqqara-Nord) (?) (chaussée d'Ounas ?),,https://collections.louvre.fr/media/cache/large/0000000021/0000005798/0000059399_OG.JPG,https://collections.louvre.fr/ark:/53355/cl010005798
louvre:cl010006164,louvre,cl010006164,cuiller à fard à la nageuse,cuiller à fard à la nageuse,Département des Antiquités égyptiennes,,Date de création/fabrication : Amenhotep III (attribution d'après style) (-1388 - -1349),Date de création/fabrication : Amenhotep III (attribution d'après style) (-1388 - -1349),"Matériau : bois
Matériau secondaire : ivoire (?)
Technique : gravure, incrustation, ronde-bosse",achat (1852),1852,,,,,https://collections.louvre.fr/media/cache/large/0000000021/0000006164/0000058438_OG.JPG,https://collections.louvre.fr/ark:/53355/cl010006164
louvre:cl010006263,louvre,cl010006263,statue,statue,Département des Antiquités égyptiennes,,Date de création/fabrication : Toutânkhamon (?) (attribution d'après style) (-1330 - -1320),Date de création/fabrication : Toutânkhamon (?) (attribution d'après style) (-1330 - -1320),"Matériau : grenadille d'Afrique (corps : Dalbergia cf. melanoxylon. Analyses Xylodata,, Victoria Asensi Amoros, 2016. Anciennement enregistré ""ébène"" de manière erronée), perséa (socle : Mimusops cf. laurifolia. Analyses Xylodata, Victoria Asensi Amoros, 2016. Anciennement enregistré ""karité"" de manière erronée)
Matériau secondaire : albâtre égyptien, argent
Technique : incrustation, ronde-bosse (oeil gauche incrusté)",achat (27/12/1917),1917,,,,Saqqara (Nécropole memphite->Région memphite->Basse Égypte),https://collections.louvre.fr/media/cache/large/0000000021/0000006263/0000068630_OG.JPG,https://collections.louvre.fr/ark:/53355/cl010006263
louvre:cl010006343,louvre,cl010006343,Triade d'Osorkon,pendentif,Département des Antiquités égyptiennes,,Date de création/fabrication : Ousermaâtrê Osorkon II (inscription/dédicace/signature) (-865 - -830),Date de création/fabrication : Ousermaâtrê Osorkon II (inscription/dédicace/signature) (-865 - -830),"Matériau : or
Matériau secondaire : lapis-lazuli (colonnette sur laquelle est assis Osiris)
Technique : ronde-bosse, incrustation",achat (21/11/1872),1872,Karnak (Thèbes Est->Thèbes->région thébaine) (d'après Chrysikopoulos 2018),,Karnak (Thèbes Est->Thèbes->région thébaine) (d'après Chrysikopoulos 2018),,https://collections.louvre.fr/media/cache/large/0000000021/0000006343/0001296529_OG.JPG,https://collections.louvre.fr/ark:/53355/cl010006343
louvre:cl010006354,louvre,cl010006354,statue,statue,Département des Antiquités égyptiennes,,Date de création/fabrication : Niouserrê Ini (?) (-2490 - -2478),Date de création/fabrication : Niouserrê Ini (?) (-2490 - -2478),"Matériau : granite rose
Technique : peinture, ronde-bosse
Couleur : blanc-noir-rouge-bleu",achat (16/12/1854),1854,"Saqqara-Nord (Saqqara->Nécropole memphite->Région memphite) (""Dans un puits situé au nord du Sérapéum"") (19 novembre 1850)",,"Saqqara-Nord (Saqqara->Nécropole memphite->Région memphite) (""Dans un puits situé au nord du Sérapéum"")",,https://collections.louvre.fr/media/cache/large/0000000021/0000006354/0000059137_OG.JPG,https://collections.louvre.fr/ark:/53355/cl010006354
louvre:cl010006516,louvre,cl010006516,figurine,figurine,Département des Antiquités égyptiennes,,Date de création/fabrication : Basse Époque (attribution d'après style) (-664 - -332),Date de création/fabrication : Basse Époque (attribution d'après style) (-664 - -332),"Matériau : alliage cuivreux
Technique : ronde-bosse",achat (1826),1826,,,,,https://collections.louvre.fr/media/cache/large/0000000021/0000006516/0000059649_OG.JPG,https://collections.louvre.fr/ark:/53355/cl010006516
louvre:cl010006582,louvre,cl010006582,Le scribe accroupi,statue de scribe assis en tailleur,Département des Antiquités égyptiennes,,Date de création/fabrication : IVe dynastie (attribution d'après style) (-2675 - -2545),Date de création/fabrication : IVe dynastie (attribution d'après style) (-2675 - -2545),"Matériau : calcaire
Matériau secondaire : albâtre égyptien (sclérotique), cristal de roche (iris), cuivre (contour des yeux)
Technique : ronde-bosse, peinture, incrustation (yeux)",achat (16/12/1854),1854,"Saqqara-Nord (Saqqara->Nécropole memphite->Région memphite) (""Dans un puits situé au nord du Sérapéum"" : registre des fouilles, Archives natinales 20150162/227) (19 novembre 1850)",,"Saqqara-Nord (Saqqara->Nécropole memphite->Région memphite) (""Dans un puits situé au nord du Sérapéum"" : registre des fouilles, Archives natinales 20150162/227)",,https://collections.louvre.fr/media/cache/large/0000000021/0000006582/0000388426_OG.JPG,https://collections.louvre.fr/ark:/53355/cl010006582
louvre:cl010006725,louvre,cl010006725,statue,statue,Département des Antiquités égyptiennes,,Date de création/fabrication : Séqenenrê Djéhouty-Âa (inscription/dédicace/signature) (-1550 - -1545),Date de création/fabrication : Séqenenrê Djéhouty-Âa (inscription/dédicace/signature) (-1550 - -1545),"Matériau : calcaire
Technique : ronde-bosse, dorure (dorure sur le collier et les sandales), peinture (hiéroglyphes peints en bleu; couleur rouge dans les encoches)",legs (14/10/1937),1937,,,,Abydos (Haute Égypte->Égypte->Afrique du Nord) ; Thèbes Ouest (Thèbes->région thébaine->Haute Égypte),https://collections.louvre.fr/media/cache/large/0000000021/0000006725/0000063541_OG.JPG,https://collections.louvre.fr/ark:/53355/cl010006725
louvre:cl010006825,louvre,cl010006825,Palette au taureau,palette à fard (fragment),Département des Antiquités égyptiennes,,Date de création/fabrication : Nagada III A-B (attribution d'après style) (-3200 - -3100),Date de création/fabrication : Nagada III A-B (attribution d'après style) (-3200 - -3100),"Matériau : grauwacke
Technique : bas-relief saillant",don (25/01/1912),1912,,,,,https://collections.louvre.fr/media/cache/large/0000000021/0000006825/0000064411_OG.JPG,https://collections.louvre.fr/ark:/53355/cl010006825
louvre:cl010007085,louvre,cl010007085,figurine,figurine,Département des Antiquités égyptiennes,,Date de création/fabrication : Basse Époque (-664 - -332),Date de création/fabrication : Basse Époque (-664 - -332),"Matériau : alliage cuivreux
Technique : gravure, ronde-bosse",achat (30/11/1933),1933,,,,,https://collections.louvre.fr/media/cache/large/0000000021/0000007085/0000060611_OG.JPG,https://collections.louvre.fr/ark:/53355/cl010007085
louvre:cl010007229,louvre,cl010007229,calice,calice,Département des Antiquités égyptiennes,,Date de création/fabrication : XXIIe dynastie (?) (bibliographie/travail de référence) (-943 - -731),Date de création/fabrication : XXIIe dynastie (?) (bibliographie/travail de référence) (-943 - -731),"Matériau : faïence siliceuse
Couleur : bleu vif",achat (29/05/1913),1913,,,,,https://collections.louvre.fr/media/cache/large/0000000021/0000007229/0000060563_OG.JPG,https://collections.louvre.fr/ark:/53355/cl010007229
louvre:cl010007230,louvre,cl010007230,Tête de Djedefrê,statue (fragment),Département des Antiquités égyptiennes,,Date de création/fabrication : Djedefrê (contexte de fouilles) (-2605 - -2597),Date de création/fabrication : Djedefrê (contexte de fouilles) (-2605 - -2597),"Matériau : grès silicifié
Technique : ronde-bosse, peinture
Couleur : rouge-traces",partage après fouilles (20/08/1907),1907,complexe funéraire de Djedefrê (Abou Rawach->Nécropole memphite->Région memphite) (1900-1901),,complexe funéraire de Djedefrê (Abou Rawach->Nécropole memphite->Région memphite),,https://collections.louvre.fr/media/cache/large/0000000021/0000007230/0001280181_OG.JPG,https://collections.louvre.fr/ark:/53355/cl010007230
louvre:cl010007343,louvre,cl010007343,Palette aux quatre canidés,palette à fard,Département des Antiquités égyptiennes,,Date de création/fabrication : Nagada III A-B (attribution d'après style) (-3200 - -3100),Date de création/fabrication : Nagada III A-B (attribution d'après style) (-3200 - -3100),"Matériau : grauwacke
Technique : bas-relief saillant",achat (04/02/1904),1904,,,,,https://collections.louvre.fr/media/cache/large/0000000021/0000007343/0000058656_OG.JPG,https://collections.louvre.fr/ark:/53355/cl010007343
louvre:cl010007467,louvre,cl010007467,Couteau du Gebel el-Arak,couteau,Département des Antiquités égyptiennes,,Date de création/fabrication : Nagada II C-D (attribution d'après style) (-3600 - -3200),Date de création/fabrication : Nagada II C-D (attribution d'après style) (-3600 - -3200),"Matériau : ivoire d'hippopotame (manche), silex (lame)
Technique : bas-relief saillant",achat (12/03/1914),1914,Gebel el-Arak (Haute Égypte->Égypte->Afrique du Nord) (d'après vendeur),,Gebel el-Arak (Haute Égypte->Égypte->Afrique du Nord) (d'après vendeur),,https://collections.louvre.fr/media/cache/large/0000000021/0000007467/0000058659_OG.JPG,https://collections.louvre.fr/ark:/53355/cl010007467
louvre:cl010007592,louvre,cl010007592,ostracon figuré,ostracon figuré,Département des Antiquités égyptiennes,,Date de création/fabrication : Ramsès VI (attribution d'après style) (-1144 - -1136),Date de création/fabrication : Ramsès VI (attribution d'après style) (-1144 - -1136),"Matériau : calcaire
Technique : dessin, peinture
Couleur : ocre jaune-rouge-noir",achat (1827),1827,Vallée des Rois (Thèbes Ouest->Thèbes->région thébaine),,Vallée des Rois (Thèbes Ouest->Thèbes->région thébaine),,https://collections.louvre.fr/media/cache/large/0000000021/0000007592/0000140191_OG.JPG,https://collections.louvre.fr/ark:/53355/cl010007592
louvre:cl010007858,louvre,cl010007858,pyramidion,pyramidion,Département des Antiquités égyptiennes,,Date de création/fabrication : fin XVIIIe dynastie (attribution d'après style) (-1330 - -1295),Date de création/fabrication : fin XVIIIe dynastie (attribution d'après style) (-1330 - -1295),"Matériau : granite rose
Technique : haut-relief",acquisition en mission (1830),1830,Saqqara-Nord (Saqqara->Nécropole memphite->Région memphite),,Saqqara-Nord (Saqqara->Nécropole memphite->Région memphite),,https://collections.louvre.fr/media/cache/large/0000000021/0000007858/0000764815_OG.JPG,https://collections.louvre.fr/ark:/53355/cl010007858
louvre:cl010007975,louvre,cl010007975,Statue de Karomama,statue,Département des Antiquités égyptiennes,,Date de création/fabrication : Ousermaâtrê Osorkon II ; Hedjkheperrê Takélot II (mention de personnage) (-865 - -809),Date de création/fabrication : Ousermaâtrê Osorkon II ; Hedjkheperrê Takélot II (mention de personnage) (-865 - -809),"Matériau : bronze
Matériau secondaire : or
Technique : ronde-bosse, incrustation",acquisition en mission (1830),1830,,,,Thèbes (région thébaine->Haute Égypte->Égypte),https://collections.louvre.fr/media/cache/large/0000000021/0000007975/0000569639_OG.JPG,https://collections.louvre.fr/ark:/53355/cl010007975
louvre:cl010008001,louvre,cl010008001,figurine d'Osiris,figurine d'Osiris,Département des Antiquités égyptiennes,,Date de création/fabrication : époque ptolémaïque (?) (-332 - -30),Date de création/fabrication : époque ptolémaïque (?) (-332 - -30),"Matériau : alliage cuivreux
Matériau secondaire : or
Technique : ronde-bosse, incrustation (barbe,yeux et sourcils incrustés d'or)",don (04/03/1862),1862,,,,,https://collections.louvre.fr/media/cache/original/0000000021/0000008001/0000955076_OG.JPG,https://collections.louvre.fr/ark:/53355/cl010008001
louvre:cl010008106,louvre,cl010008106,statue,statue,Département des Antiquités égyptiennes,,Date de création/fabrication : Khânéferrê Sobekhotep (mention de personnage) (-1728 - -1719),Date de création/fabrication : Khânéferrê Sobekhotep (mention de personnage) (-1728 - -1719),"Matériau : grès silicifié
Technique : ronde-bosse",achat (19/01/1882),1882,Cour du Moyen Empire (zone centale de Karnak->Temple d'Amon-Rê->Karnak) (sur la banquette qui bordait le mur d'enceinte du sanctuaire du Moyen Empire) (février 1860),,Cour du Moyen Empire (zone centale de Karnak->Temple d'Amon-Rê->Karnak) (sur la banquette qui bordait le mur d'enceinte du sanctuaire du Moyen Empire),,https://collections.louvre.fr/media/cache/large/0000000021/0000008106/0001304946_OG.JPG,https://collections.louvre.fr/ark:/53355/cl010008106
louvre:cl010008108,louvre,cl010008108,figurine ; élément de meuble ; serrure,figurine ; élément de meuble (?) ; serrure (?),Département des Antiquités égyptiennes,,Date de création/fabrication : Thoutmosis III (inscription/dédicace/signature) (-1479 - -1425),Date de création/fabrication : Thoutmosis III (inscription/dédicace/signature) (-1479 - -1425),"Matériau : bronze
Matériau secondaire : or
Technique : incrustation, ronde-bosse",achat (17/01/1901),1901,,,,,https://collections.louvre.fr/media/cache/large/0000000021/0000008108/0001292746_OG.JPG,https://collections.louvre.fr/ark:/53355/cl010008108
louvre:cl010008248,louvre,cl010008248,Akhénaton et Néfertiti,statue de couple,Département des Antiquités égyptiennes,,Date de création/fabrication : Amenhotep IV Akhénaton (inscription/dédicace/signature) (-1349 - -1333),Date de création/fabrication : Amenhotep IV Akhénaton (inscription/dédicace/signature) (-1349 - -1333),"Matériau : calcaire
Technique : lignes repère, peinture, ronde-bosse
Couleur : rouge-blanc-bleu-noir",don (08/11/1938),1938,,,,Tell el-Amarna (Moyenne Égypte->Égypte->Afrique du Nord) (d'après inventaire),https://collections.louvre.fr/media/cache/large/0000000021/0000008248/0000060811_OG.JPG,https://collections.louvre.fr/ark:/53355/cl010008248
louvre:cl010008693,louvre,cl010008693,statue de couple,statue de couple,Département des Antiquités égyptiennes,,Date de création/fabrication : Ve dynastie (attribution d'après style) (-2545 - -2413),Date de création/fabrication : Ve dynastie (attribution d'après style) (-2545 - -2413),"Matériau : calcaire
Technique : peinture, ronde-bosse
Couleur : ocre jaune-rouge-bleu turquoise-bleu",donation sous réserve d'usufruit (07/04/1938),1938,1902,,,Giza (Région memphite->Nécropole memphite) (d'après inventaire),https://collections.louvre.fr/media/cache/large/0000000021/0000008693/0000059092_OG.JPG,https://collections.louvre.fr/ark:/53355/cl010008693
louvre:cl010008923,louvre,cl010008923,stèle cintrée,stèle cintrée,Département des Antiquités égyptiennes,,Date de création/fabrication : Cléopâtre VII Philopator (2 juillet 51 av. J.-C.) (inscription/dédicace/signature) (-51),Date de création/fabrication : Cléopâtre VII Philopator (2 juillet 51 av. J.-C.) (inscription/dédicace/signature) (-51),"Matériau : calcaire
Technique : bas-relief creux = sculpture en creux (texte), bas-relief saillant, peinture
Couleur : rouge",achat (18/05/1972),1972,,,,Fayoum (Afrique du Nord->Égypte) (?) (d'après mention de l'association de Snonais),https://collections.louvre.fr/media/cache/large/0000000021/0000008923/0000348706_OG.JPG,https://collections.louvre.fr/ark:/53355/cl010008923
louvre:cl010009174,louvre,cl010009174,statue,statue,Département des Antiquités égyptiennes,,Date de création/fabrication : IIIe dynastie (attribution d'après style) (-2750 - -2675),Date de création/fabrication : IIIe dynastie (attribution d'après style) (-2750 - -2675),"Matériau : granodiorite (porphyroïde gris, riche en ferromagnésiens)
Technique : ronde-bosse",achat (1826),1826,,,,,https://collections.louvre.fr/media/cache/large/0000000021/0000009174/0000058932_OG.JPG,https://collections.louvre.fr/ark:/53355/cl010009174
louvre:cl010009270,louvre,cl010009270,statue,statue,Département des Antiquités égyptiennes,,Date de création/fabrication : époque ptolémaïque (attribution d'après style) (-332 - -30),Date de création/fabrication : époque ptolémaïque (attribution d'après style) (-332 - -30),"Matériau : basalte
Technique : ronde-bosse",achat (1816),1816,villa Albani (Italie->Rome),,villa Albani (Italie->Rome),,https://collections.louvre.fr/media/cache/large/0000000021/0000009270/0000857252_OG.JPG,https://collections.louvre.fr/ark:/53355/cl010009270
louvre:cl010009338,louvre,cl010009338,statue,statue,Département des Antiquités égyptiennes,,Date de création/fabrication : Khenemmaâtrê Achoris (mention de personnage) (-393 - -379),Date de création/fabrication : Khenemmaâtrê Achoris (mention de personnage) (-393 - -379),"Matériau : basalte
Technique : ronde-bosse",achat (27/09/1807),1807,villa Borghèse (Italie->Rome) (jardins) (1513 (premier signalement)),,villa Borghèse (Italie->Rome) (jardins),Iséum (Italie->Rome) (?),https://collections.louvre.fr/media/cache/large/0000000021/0000009338/0000387345_OG.JPG,https://collections.louvre.fr/ark:/53355/cl010009338
louvre:cl010009461,louvre,cl010009461,statue cube,statue cube,Département des Antiquités égyptiennes,,Date de création/fabrication : Hatchepsout (mention de règne) (-1479 - -1458),Date de création/fabrication : Hatchepsout (mention de règne) (-1479 - -1458),"Matériau : diorite
Technique : ronde-bosse",don (1884),1884,Thèbes (région thébaine->Haute Égypte->Égypte),,Thèbes (région thébaine->Haute Égypte->Égypte),Temple d'Amon-Rê (Karnak->Thèbes Est->Thèbes),https://collections.louvre.fr/media/cache/large/0000000021/0000009461/0000067466_OG.JPG,https://collections.louvre.fr/ark:/53355/cl010009461
louvre:cl010009464,louvre,cl010009464,statuette,statuette,Département des Antiquités égyptiennes,,Date de création/fabrication : Ptolémée II Philadelphe ; Ptolémée V Epiphane (entre Ptolémée II et Ptolémée V) (bibliographie/travail de référence) (-282 - -180),Date de création/fabrication : Ptolémée II Philadelphe ; Ptolémée V Epiphane (entre Ptolémée II et Ptolémée V) (bibliographie/travail de référence) (-282 - -180),"Matériau : calcaire
Technique : ronde-bosse",partage après fouilles (16/02/1857),1857,temple de Nectanébo (Sérapéum de Memphis->Saqqara-Nord->Saqqara) (Apiéum) (19 Janvier 1854),,temple de Nectanébo (Sérapéum de Memphis->Saqqara-Nord->Saqqara) (Apiéum),,https://collections.louvre.fr/media/cache/large/0000000021/0000009464/0000065652_OG.JPG,https://collections.louvre.fr/ark:/53355/cl010009464
louvre:cl010009969,louvre,cl010009969,Statue d'Amon et Toutânkhamon,statue,Département des Antiquités égyptiennes,,Date de création/fabrication : Toutânkhamon (mention de personnage) (-1330 - -1320),Date de création/fabrication : Toutânkhamon (mention de personnage) (-1330 - -1320),"Matériau : diorite
Technique : ronde-bosse, martelage",achat (15/01/1920),1920,1857-1858,,,Temple d'Amon-Rê (Karnak->Thèbes Est->Thèbes),https://collections.louvre.fr/media/cache/large/0000000021/0000009969/0000063358_OG.JPG,https://collections.louvre.fr/ark:/53355/cl010009969
louvre:cl010010049,louvre,cl010010049,statue,statue,Département des Antiquités égyptiennes,,Date de création/fabrication : début XIIe dynastie (contexte de fouilles) (-1974 - -1856),Date de création/fabrication : début XIIe dynastie (contexte de fouilles) (-1974 - -1856),"Matériau : acacia
Matériau secondaire : albâtre égyptien (?), alliage cuivreux, obsidienne (?)
Technique : ronde-bosse, incrustation (yeux incrustés), peinture
Couleur : rouge",partage après fouilles (1903),1903,tombe 7 de Nakhti (Assiout->Moyenne Égypte->Égypte) (chapelle) (entre le 27 février et fin mai 1903),,tombe 7 de Nakhti (Assiout->Moyenne Égypte->Égypte) (chapelle),,https://collections.louvre.fr/media/cache/large/0000000021/0000010049/0000059167_OG.JPG,https://collections.louvre.fr/ark:/53355/cl010010049
louvre:cl010010056,louvre,cl010010056,statue,statue,Département des Antiquités égyptiennes,,Date de création/fabrication : fin Ve dynastie ; VIe dynastie (mention de personnage) (-2478 - -2250),Date de création/fabrication : fin Ve dynastie ; VIe dynastie (mention de personnage) (-2478 - -2250),"Matériau : calcaire
Technique : ronde-bosse, peinture
Couleur : rouge-noir-jaune",achat (1826),1826,,,,,https://collections.louvre.fr/media/cache/large/0000000021/0000010056/0000073382_OG.JPG,https://collections.louvre.fr/ark:/53355/cl010010056
louvre:cl010010062,louvre,cl010010062,Sphinx de Tanis,statue colossale,Département des Antiquités égyptiennes,,"Date de création/fabrication : Noubkaourê Amenemhat II (d'après B. Fay) (mention de règne) et IVe dynastie (?) (d'après N. Cherpion) (-1900 - -1865 et -2675 - -2545)
Date de réutilisation : Âaouserrê/Âaqenenrê Apophis (?) (d'après Th. Devéria) (mention de règne) et Mérenptah (mention de règne) et Hedjkheperrê Chéchonq I (mention de règne) (-1580 - -1540 et -1213 - -1203 et -943 - -922)","Date de création/fabrication : Noubkaourê Amenemhat II (d'après B. Fay) (mention de règne) et IVe dynastie (?) (d'après N. Cherpion) (-1900 - -1865 et -2675 - -2545)
Date de réutilisation : Âaouserrê/Âaqenenrê Apophis (?) (d'après Th. Devéria) (mention de règne) et Mérenptah (mention de règne) et Hedjkheperrê Chéchonq I (mention de règne) (-1580 - -1540 et -1213 - -1203 et -943 - -922)","Matériau : granite rose
Technique : ronde-bosse",achat (1826),1826,Tanis (Delta oriental->Basse Égypte->Égypte) (1801-1802),,Tanis (Delta oriental->Basse Égypte->Égypte),,https://collections.louvre.fr/media/cache/large/0000000021/0000010062/0000074502_OG.JPG,https://collections.louvre.fr/ark:/53355/cl010010062
louvre:cl010010873,louvre,cl010010873,Naos des décades,naos (fragment),Département des Antiquités égyptiennes,,Date de création/fabrication : Kheperkarê Nectanébo I (mention de règne) (-379 - -361),Date de création/fabrication : Kheperkarê Nectanébo I (mention de règne) (-379 - -361),Matériau : diorite,achat (1818),1818,Aboukir (Delta occidental->Basse Égypte->Égypte) (13 novembre 1777),,Aboukir (Delta occidental->Basse Égypte->Égypte),Saft el-Henneh (Delta oriental->Basse Égypte->Égypte) (d'après texte),https://collections.louvre.fr/media/cache/large/0000000021/0000010873/0000126710_OG.JPG,https://collections.louvre.fr/ark:/53355/cl010010873
louvre:cl010011417,louvre,cl010011417,Bague aux chevaux,chevalière à chaton renflé,Département des Antiquités égyptiennes,,Date de création/fabrication : fin XVIIIe dynastie (?) ; époque ramesside (?) (-1330 - -1069),Date de création/fabrication : fin XVIIIe dynastie (?) ; époque ramesside (?) (-1330 - -1069),"Matériau : or
Matériau secondaire : cornaline
Technique : grenetis, incrustation cloisonnée",don (25/07/1827),1827,,,,,https://collections.louvre.fr/media/cache/large/0000000021/0000011417/0000387405_OG.JPG,https://collections.louvre.fr/ark:/53355/cl010011417
louvre:cl010011420,louvre,cl010011420,statue,statue,Département des Antiquités égyptiennes,,Date de création/fabrication : époque amarnienne (attribution d'après style) (-1349 - -1330),Date de création/fabrication : époque amarnienne (attribution d'après style) (-1349 - -1330),"Matériau : grès silicifié (grès silicifié)
Couleur : rouge",achat (31/05/1956),1956,,,,Tell el-Amarna (Égypte->Moyenne Égypte) (?),https://collections.louvre.fr/media/cache/large/0000000021/0000011420/0000059289_OG.JPG,https://collections.louvre.fr/ark:/53355/cl010011420
louvre:cl010016137,louvre,cl010016137,statue,statue,Département des Antiquités égyptiennes,,Date de création/fabrication : Nouvel Empire (?) (bibliographie/travail de référence) (-1539 - -1069),Date de création/fabrication : Nouvel Empire (?) (bibliographie/travail de référence) (-1539 - -1069),"Matériau : tamaris (Tamarix type aphylla. Analyses Xylodata, Victoria Asensi Amoros, 2014)
Technique : incrustation (yeux autrefois incrustés), peinture, stucage
Couleur : noir",affecté au Louvre (1907),1907,,,,,https://collections.louvre.fr/media/cache/large/0000000021/0000016137/0000326274_OG.JPG,https://collections.louvre.fr/ark:/53355/cl010016137
louvre:cl010017961,louvre,cl010017961,Stèle de Tapéret,stèle cintrée ; stèle biface,Département des Antiquités égyptiennes,,Date de création/fabrication : XXIIe dynastie thébaine ; XXIIIe dynastie (attribution d'après style) (-730 - 745),Date de création/fabrication : XXIIe dynastie thébaine ; XXIIIe dynastie (attribution d'après style) (-730 - 745),"Matériau : bois
Technique : peinture, stucage, vernis
Couleur : blanc-vert-rouge-bleu-rose",don (27/06/1851),1851,,,,,https://collections.louvre.fr/media/cache/large/0000000021/0000017961/0000067683_OG.JPG,https://collections.louvre.fr/ark:/53355/cl010017961
louvre:cl010019286,louvre,cl010019286,stèle cintrée,stèle cintrée,Département des Antiquités égyptiennes,,Date de création/fabrication : Âakheperrê Chéchonq V (an 37) (mention de règne) (-769 - -731),Date de création/fabrication : Âakheperrê Chéchonq V (an 37) (mention de règne) (-769 - -731),"Matériau : calcaire
Technique : bas-relief creux = sculpture en creux, peinture
Couleur : rouge-noir",partage après fouilles (1852),1852,petits souterrains (Sérapéum de Memphis->Saqqara-Nord->Saqqara) (extrémité nord des petits souterrains) (26 février 1852),,petits souterrains (Sérapéum de Memphis->Saqqara-Nord->Saqqara) (extrémité nord des petits souterrains),,https://collections.louvre.fr/media/cache/large/0000000021/0000019286/0000070117_OG.JPG,https://collections.louvre.fr/ark:/53355/cl010019286
louvre:cl010022054,louvre,cl010022054,stèle cintrée,stèle cintrée,Département des Antiquités égyptiennes,,Date de création/fabrication : Aÿ (mention de règne) (-1320 - -1310),Date de création/fabrication : Aÿ (mention de règne) (-1320 - -1310),"Matériau : calcaire
Technique : bas-relief creux = sculpture en creux, peinture
Couleur : jaune",achat (1827),1827,,,,Akhmîm (Haute Égypte->Égypte->Afrique du Nord),https://collections.louvre.fr/media/cache/large/0000000021/0000022054/0000141228_OG.JPG,https://collections.louvre.fr/ark:/53355/cl010022054
louvre:cl010022918,louvre,cl010022918,Stèle d'Imény,stèle cintrée (fragmentaire) ; stèle à deux registres,Département des Antiquités égyptiennes,,Date de création/fabrication : Noubkaourê Amenemhat II (an 3) (mention de règne) (-1900 - -1865),Date de création/fabrication : Noubkaourê Amenemhat II (an 3) (mention de règne) (-1900 - -1865),"Matériau : calcaire
Technique : bas-relief creux = sculpture en creux",achat en vente publique (25/06/1857),1857,,,,Abydos (Haute Égypte->Égypte->Afrique du Nord),https://collections.louvre.fr/media/cache/large/0000000021/0000022918/0001375443_OG.JPG,https://collections.louvre.fr/ark:/53355/cl010022918
louvre:cl010024569,louvre,cl010024569,modèle,modèle,Département des Antiquités égyptiennes,,Date de création/fabrication : XVIIIe dynastie (attribution d'après style) (-1539 - -1295),Date de création/fabrication : XVIIIe dynastie (attribution d'après style) (-1539 - -1295),"Matériau : perséa (= Mimusops laurifolia. Analyse 2018)
Matériau secondaire : tissu stuqué
Technique : peinture (traces), stucage",partage après fouilles (1908),1908,Cachette du temple de Satet (temple de Satet->Éléphantine->région d'Assouan),,Cachette du temple de Satet (temple de Satet->Éléphantine->région d'Assouan),,https://collections.louvre.fr/media/cache/large/0000000021/0000024569/0000775064_OG.JPG,https://collections.louvre.fr/ark:/53355/cl010024569
louvre:cl010028871,louvre,cl010028871,Zodiaque de Dendéra,plafond ; relief mural,Département des Antiquités égyptiennes,,Date de création/fabrication : Cléopâtre VII Philopator ; Ptolémée XIII Philopator (juin-août 50 av. J.-C.) (bibliographie/travail de référence) (-50 - -50),Date de création/fabrication : Cléopâtre VII Philopator ; Ptolémée XIII Philopator (juin-août 50 av. J.-C.) (bibliographie/travail de référence) (-50 - -50),"Matériau : grès
Technique : bas-relief saillant",affecté au Louvre (29/06/1822),1822,"temple d'Hathor (Dendéra->Haute Égypte->Égypte) (Chapelle Est d'Osiris sur le toit ; moitié ouest du plafond de la pièce centrale) (24 janvier 1799 (An VII, 5 pluviôse))",,temple d'Hathor (Dendéra->Haute Égypte->Égypte) (Chapelle Est d'Osiris sur le toit ; moitié ouest du plafond de la pièce centrale),,https://collections.louvre.fr/media/cache/large/0000000021/0000028871/0000068579_OG.JPG,https://collections.louvre.fr/ark:/53355/cl010028871
louvre:cl010029360,louvre,cl010029360,Stèle du Bannissement,stèle cintrée ; stèle à un registre,Département des Antiquités égyptiennes,,Date de création/fabrication : Pinedjem I (?) ; Ousermaâtrê Amenemopé (?) ; Âakheperrê Psousennès I (?) (an 25) (inscription/dédicace/signature) (-1064 - -980),Date de création/fabrication : Pinedjem I (?) ; Ousermaâtrê Amenemopé (?) ; Âakheperrê Psousennès I (?) (an 25) (inscription/dédicace/signature) (-1064 - -980),"Matériau : diorite
Technique : bas-relief creux = sculpture en creux, gravure",don (1884),1884,Karnak (Thèbes Est->Thèbes->région thébaine) (février 1860),,Karnak (Thèbes Est->Thèbes->région thébaine),,https://collections.louvre.fr/media/cache/large/0000000021/0000029360/0000072910_OG.JPG,https://collections.louvre.fr/ark:/53355/cl010029360
louvre:cl010029549,louvre,cl010029549,statue de pleureuse,statue (fragment),Département des Antiquités égyptiennes,,Date de création/fabrication : début XVIIIe dynastie (attribution d'après style) (-1539 - -1425),Date de création/fabrication : début XVIIIe dynastie (attribution d'après style) (-1539 - -1425),"Matériau : terre cuite
Technique : peinture",achat (26/04/1983),1983,,,,,https://collections.louvre.fr/media/cache/large/0000000021/0000029549/0000064452_OG.JPG,https://collections.louvre.fr/ark:/53355/cl010029549
louvre:cl010029573,louvre,cl010029573,Stèle de Bakhtan,stèle cintrée ; stèle à un registre,Département des Antiquités égyptiennes,,"Date de création/fabrication : XXIe dynastie (la stèle est datée de Ramsés II mais probablement plus tardive, souvent placée à l'époque perse ou ptolémaïque) (attribution d'après style) (-1069 - -943)","Date de création/fabrication : XXIe dynastie (la stèle est datée de Ramsés II mais probablement plus tardive, souvent placée à l'époque perse ou ptolémaïque) (attribution d'après style) (-1069 - -943)","Matériau : grès
Technique : bas-relief creux = sculpture en creux",affecté au Louvre (1907),1907,Petit temple de Khonsou (Karnak Est->Karnak->Thèbes Est),,Petit temple de Khonsou (Karnak Est->Karnak->Thèbes Est),,https://collections.louvre.fr/media/cache/large/0000000021/0000029573/0000126712_OG.JPG,https://collections.louvre.fr/ark:/53355/cl010029573
louvre:cl010030030,louvre,cl010030030,Stèle frontière d'Akhénaton,stèle frontière ; stèle cintrée (fragments),Département des Antiquités égyptiennes,,Date de création/fabrication : Amenhotep IV Akhénaton (inscription/dédicace/signature) (-1349 - -1333),Date de création/fabrication : Amenhotep IV Akhénaton (inscription/dédicace/signature) (-1349 - -1333),"Matériau : calcaire
Technique : bas-relief creux = sculpture en creux",achat en vente publique (22/02/1943),1943,Tell el-Amarna (Moyenne Égypte->Égypte->Afrique du Nord),,Tell el-Amarna (Moyenne Égypte->Égypte->Afrique du Nord),,https://collections.louvre.fr/media/cache/large/0000000021/0000030030/0000061186_OG.JPG,https://collections.louvre.fr/ark:/53355/cl010030030
louvre:cl010032664,louvre,cl010032664,figurine ; statuette,figurine ; statuette,Département des Antiquités égyptiennes,,Date de création/fabrication : Amenhotep IV Akhénaton (?) ; fin XVIIIe dynastie (?) (début du règne d'Amenhotep IV-Akhénaton ou époque post-amarnienne) (attribution d'après style) (-1349 - -1295),Date de création/fabrication : Amenhotep IV Akhénaton (?) ; fin XVIIIe dynastie (?) (début du règne d'Amenhotep IV-Akhénaton ou époque post-amarnienne) (attribution d'après style) (-1349 - -1295),"Matériau : ivoire d'éléphant
Technique : ronde-bosse",achat en vente publique (05/12/1987),1987,,,,,https://collections.louvre.fr/media/cache/large/0000000021/0000032664/0000060803_OG.JPG,https://collections.louvre.fr/ark:/53355/cl010032664
louvre:cl010034902,louvre,cl010034902,Statue guérisseuse,statue guérisseuse ; statue stéléphore,Département des Antiquités égyptiennes,,Date de création/fabrication : époque ptolémaïque (attribution d'après style) (-399 - -300),Date de création/fabrication : époque ptolémaïque (attribution d'après style) (-399 - -300),"Matériau : grauwacke
Technique : gravure, haut-relief",achat en vente publique (26/05/1898),1898,,,,Leontopolis (Delta oriental->Basse Égypte->Égypte) (d'après titres),https://collections.louvre.fr/media/cache/large/0000000021/0000034902/0000074956_OG.JPG,https://collections.louvre.fr/ark:/53355/cl010034902
louvre:cl010037057,louvre,cl010037057,amulette,amulette,Département des Antiquités égyptiennes,,Date de création/fabrication : Kheperkarê Nectanébo I (mention de règne) (-380 - -362),Date de création/fabrication : Kheperkarê Nectanébo I (mention de règne) (-380 - -362),"Matériau : faïence siliceuse
Couleur : vert",legs sous réserve d'usufruit (1950),1950,,,,,https://collections.louvre.fr/media/cache/large/0000000021/0000037057/0000059509_OG.JPG,https://collections.louvre.fr/ark:/53355/cl010037057
louvre:cl010046595,louvre,cl010046595,parchemin,parchemin,Département des Arts de Byzance et des chrétientés en Orient,,Date de création/fabrication : époque byzantine (395 - 641),Date de création/fabrication : époque byzantine (395 - 641),"Matériau : parchemin
Matériau secondaire : encre
Technique : écriture",achat (12/05/1881),1881,,,,,https://collections.louvre.fr/media/cache/large/0000000021/0000046595/0000959284_OG.JPG,https://collections.louvre.fr/ark:/53355/cl010046595
louvre:cl010048163,louvre,cl010048163,Le Christ et l'abbé Ména,icône,Département des Arts de Byzance et des chrétientés en Orient,,Date de création/fabrication : Omeyyades ; Abbasides (contexte de fouilles) (attribution d'après style) (mention de personnage) (700 - 799 et 700 - 799 et 700 - 799),Date de création/fabrication : Omeyyades ; Abbasides (contexte de fouilles) (attribution d'après style) (mention de personnage) (700 - 799 et 700 - 799 et 700 - 799),"Matériau : figuier sycomore (Ficus sycomorus L.)
Technique : peinture à l'encaustique (cire d'abeille), peinture à la détrempe (pigments blancs : carbonate et sulfate de calcium ; jaune : jarosite et natrojarosite ; bruns et ocres : terres ferrugineuses ; orangé : minium ; vert : pas de malachite, contient un peu de cuivre et de plomb.)
Couleur : pigments blancs : carbonate et sulfate de calcium ; jaune : jarosite et natrojarosite ; bruns et ocres : terres ferrugineuses ; orangé : minium ; vert : pas de malachite, contient un peu de cuivre et de plomb.",don (07/02/1918),1918,"Baouit (Égypte->Moyenne Égypte) (église de l'Archange-Michel, autrefois église nord) (1902)",,"Baouit (Égypte->Moyenne Égypte) (église de l'Archange-Michel, autrefois église nord)",,https://collections.louvre.fr/media/cache/large/0000000021/0000048163/0000083047_OG.JPG,https://collections.louvre.fr/ark:/53355/cl010048163
louvre:cl010077681,louvre,cl010077681,Mastaba d'Akhethétep,chapelle de mastaba,Département des Antiquités égyptiennes,,Date de création/fabrication : Niouserrê Ini ; Djedkarê Isési (attribution d'après style) (-2490 - -2432),Date de création/fabrication : Niouserrê Ini ; Djedkarê Isési (attribution d'après style) (-2490 - -2432),"Matériau : calcaire
Technique : bas-relief saillant, peinture",achat (29/01/1903),1903,mastaba d'Akhethetep (Saqqara-Nord->Saqqara->Nécropole memphite),,mastaba d'Akhethetep (Saqqara-Nord->Saqqara->Nécropole memphite),,https://collections.louvre.fr/media/cache/large/0000000021/0000077681/0001122866_OG.JPG,https://collections.louvre.fr/ark:/53355/cl010077681
louvre:cl010113444,louvre,cl010113444,Aiguière en cristal de roche du trésor de Saint-Denis,Aiguière en cristal de roche du trésor de Saint-Denis,"Département des Objets d'art du Moyen Age, de la Renaissance et des temps modernes",,"Epoque / période : Fatimides (Islam->époque islamique->époque islamique 1 (641-1171)) ; roman (Occident->moyen âge)

Date de création/fabrication : 985 - 1015 (vase) et 1000 - 1100 (couvercle)","Epoque / période : Fatimides (Islam->époque islamique->époque islamique 1 (641-1171)) ; roman (Occident->moyen âge)

Date de création/fabrication : 985 - 1015 (vase) et 1000 - 1100 (couvercle)","Matériau/Technique : Cristal de roche (vase) ; or, filigranes (couvercle)
Matériau : cristal de roche
Matériau : or
Technique : filigrané = filigrane (techniques verre/vitrail/plastique)",saisie (05/12/1793),1793,,Italie du sud = sud de l'Italie (Europe) (couvercle) ; Le Caire (Afrique->Egypte) (vase (art fatimide)),,,https://collections.louvre.fr/media/cache/original/0000000021/0000113444/0001116677_OG.JPG,https://collections.louvre.fr/ark:/53355/cl010113444
louvre:cl010119623,louvre,cl010119623,"Statue de Gudea dite ""Petit Gudea assis""",statue,Département des Antiquités orientales,,Date de création/fabrication : Néo-sumérien : Gudea (Vers 2120 av. J. - C.) (-2120 - -2110),Date de création/fabrication : Néo-sumérien : Gudea (Vers 2120 av. J. - C.) (-2120 - -2110),"Matériau : gabbro (d'après analyse)
Technique : ronde-bosse",don après fouilles (1901),1901,Tello tell des tablettes = Tello tell V (Tête trouvée par Sarzec au tell des tablettes ; corps trouvé par Cros à quelques mètres fouillés au sud de la tranchée C-E) (1895 ; 1900 ; 1903 (tête)),,Tello tell des tablettes = Tello tell V (Tête trouvée par Sarzec au tell des tablettes ; corps trouvé par Cros à quelques mètres fouillés au sud de la tranchée C-E),,https://collections.louvre.fr/media/cache/large/0000000021/0000119623/0000222082_OG.JPG,https://collections.louvre.fr/ark:/53355/cl010119623
louvre:cl010119629,louvre,cl010119629,Chien de Sumuel,statue ; vase,Département des Antiquités orientales,,Date de création/fabrication : Larsa : Sumuel (Larsa ; Sumuel) (-1894 - -1866),Date de création/fabrication : Larsa : Sumuel (Larsa ; Sumuel) (-1894 - -1866),"Matériau : stéatite
Technique : ronde-bosse",acquisition en mission (1904),1904,Tello tell de la nécropole = Tello tell de la tête au turban = Tello tell H (Tranchée III) (1904),,Tello tell de la nécropole = Tello tell de la tête au turban = Tello tell H (Tranchée III),,https://collections.louvre.fr/media/cache/large/0000000021/0000119629/0000222544_OG.JPG,https://collections.louvre.fr/ark:/53355/cl010119629
louvre:cl010119651,louvre,cl010119651,"Statue de Gudea dite ""au vase jaillissant""",statue,Département des Antiquités orientales,,Date de création/fabrication : Néo-sumérien : Gudea (Vers 2120 av. J. - C.) (-2120 - -2110),Date de création/fabrication : Néo-sumérien : Gudea (Vers 2120 av. J. - C.) (-2120 - -2110),"Matériau : dolérite
Technique : ronde-bosse",achat (02/03/1967),1967,Girsu = Tello (?),,Girsu = Tello (?),,https://collections.louvre.fr/media/cache/large/0000000021/0000119651/0000933528_OG.JPG,https://collections.louvre.fr/ark:/53355/cl010119651
louvre:cl010120339,louvre,cl010120339,Stèle de Mesha,stèle,Département des Antiquités orientales,,Date de création/fabrication : IXe s. av. J.-C. (Epoque de Mesha vers 830-805) (-830 - -805),Date de création/fabrication : IXe s. av. J.-C. (Epoque de Mesha vers 830-805) (-830 - -805),"Matériau : basalte
Technique : ronde-bosse",achat (1873),1873,Diban,,Diban,,https://collections.louvre.fr/media/cache/large/0000000021/0000120339/0000341988_OG.JPG,https://collections.louvre.fr/ark:/53355/cl010120339
louvre:cl010120340,louvre,cl010120340,Stèle de Shihan,stèle (fragment),Département des Antiquités orientales,,Date de création/fabrication : Bronze récent III (?) (XIIIe s (?) ; XIIe s (?)) (-1200 - -1150),Date de création/fabrication : Bronze récent III (?) (XIIIe s (?) ; XIIe s (?)) (-1200 - -1150),"Matériau : basalte
Technique : bas-relief",don après fouilles (1864),1864,Redjom el A'Abed (Entre Shihan et Diban) (1851),,Redjom el A'Abed (Entre Shihan et Diban),,https://collections.louvre.fr/media/cache/large/0000000021/0000120340/0000223439_OG.JPG,https://collections.louvre.fr/ark:/53355/cl010120340
louvre:cl010120343,louvre,cl010120343,Stèle funéraire de Si-Gabbor,stèle,Département des Antiquités orientales,,Date de création/fabrication : VIIe s. av. J.-C. (VIIe s (fin)) (-700 - -600),Date de création/fabrication : VIIe s. av. J.-C. (VIIe s (fin)) (-700 - -600),"Matériau : basalte
Technique : bas-relief champlevé",achat (07/01/1897),1897,Neirab,,Neirab,,https://collections.louvre.fr/media/cache/large/0000000021/0000120343/0000221441_OG.JPG,https://collections.louvre.fr/ark:/53355/cl010120343
louvre:cl010120347,louvre,cl010120347,Stèle de Yehawmilk,stèle,Département des Antiquités orientales,,Date de création/fabrication : Achéménide (Vers 450 avant J.-C.) (vers -450),Date de création/fabrication : Achéménide (Vers 450 avant J.-C.) (vers -450),"Matériau : calcaire
Technique : gravé (décor)",don (1967),1967,"Byblos = Jbail (Près de la tour des croisés, angle S. E., placée entre deux lions)",,"Byblos = Jbail (Près de la tour des croisés, angle S. E., placée entre deux lions)",,https://collections.louvre.fr/media/cache/large/0000000021/0000120347/0000218866_OG.JPG,https://collections.louvre.fr/ark:/53355/cl010120347
louvre:cl010120348,louvre,cl010120348,Statue d'Osorkon Ier,statue (fragment),Département des Antiquités orientales,,Date de création/fabrication : 3ème période intermédiaire : Osorkon I (XXIIe dynastie égyptienne 924-889) (-924 - -889),Date de création/fabrication : 3ème période intermédiaire : Osorkon I (XXIIe dynastie égyptienne 924-889) (-924 - -889),"Matériau : quartzite (""Grès rougeâtre type quartzite de Mokattam (Égypte)"")
Technique : ronde-bosse",achat (29/01/1925),1925,Byblos temple de la Ba'alat Goubal (XIXe siècle),Égypte,Byblos temple de la Ba'alat Goubal,,https://collections.louvre.fr/media/cache/large/0000000021/0000120348/0001132204_OG.JPG,https://collections.louvre.fr/ark:/53355/cl010120348
louvre:cl010120353,louvre,cl010120353,Stèle de Zakkur,stèle (fragment),Département des Antiquités orientales,,Date de création/fabrication : IXe s. av. J.-C. (-900 - -800),Date de création/fabrication : IXe s. av. J.-C. (-900 - -800),"Matériau : basalte (?), grès (?)
Technique : bas-relief",achat (24/11/1921),1921,Afis,,Afis,,https://collections.louvre.fr/media/cache/large/0000000021/0000120353/0000224715_OG.JPG,https://collections.louvre.fr/ark:/53355/cl010120353
louvre:cl010120357,louvre,cl010120357,Sarcophage d'Eshmunazor,sarcophage,Département des Antiquités orientales,,Date de création/fabrication : Achéménide (Premier quart du Ve siècle avant J.-C.) et Achéménide (bibliographie/travail de référence) (-500 - -475 et vers -525),Date de création/fabrication : Achéménide (Premier quart du Ve siècle avant J.-C.) et Achéménide (bibliographie/travail de référence) (-500 - -475 et vers -525),"Matériau : basalte (Amphibolite noire = basalte des carrières de la vallée de Hammamat, Égypte.)
Technique : bas-relief",don (1855),1855,"Saïda Magharat Tabloun = Saïda nécropole (Nécropole de Magharat Tablun (caverne d'Apollon), Saïda, ancienne Sidon (Liban)) (1855)",,"Saïda Magharat Tabloun = Saïda nécropole (Nécropole de Magharat Tablun (caverne d'Apollon), Saïda, ancienne Sidon (Liban))",,https://collections.louvre.fr/media/cache/large/0000000021/0000120357/0000969057_OG.JPG,https://collections.louvre.fr/ark:/53355/cl010120357
louvre:cl010120489,louvre,cl010120489,Figurine du démon Pazuzu,figurine,Département des Antiquités orientales,,Date de création/fabrication : Néo-assyrien (1e moitié Ie mill) (-911 - -604),Date de création/fabrication : Néo-assyrien (1e moitié Ie mill) (-911 - -604),"Matériau : bronze
Technique : coulé fondu",achat (1872),1872,,Assyrie (?),,Assyrie (?),https://collections.louvre.fr/media/cache/large/0000000021/0000120489/0000225915_OG.JPG,https://collections.louvre.fr/ark:/53355/cl010120489
louvre:cl010120528,louvre,cl010120528,Nu-banda Ebih-Il,statue,Département des Antiquités orientales,,Date de création/fabrication : Dynastique archaïque IIIB (Vers 2400 av. J. - C.) (-2500 - -2340),Date de création/fabrication : Dynastique archaïque IIIB (Vers 2400 av. J. - C.) (-2500 - -2340),"Matériau : albâtre
Matériau secondaire : coquillage = coquille, lapis lazuli, bitume
Technique : ronde-bosse, incrusté",partage après fouilles (1934),1934,Mari temple d'Ishtar cour 20 (23 janvier 1934),,Mari temple d'Ishtar cour 20,,https://collections.louvre.fr/media/cache/large/0000000021/0000120528/0000326137_OG.JPG,https://collections.louvre.fr/ark:/53355/cl010120528
louvre:cl010120557,louvre,cl010120557,statue,statue,Département des Antiquités orientales,,"Date de création/fabrication : 2e moitié IIIe mill av. J.-C. (Epoque des Shakkanakku, vers 2090 av. J.-C.) (-2100 - -2000)","Date de création/fabrication : 2e moitié IIIe mill av. J.-C. (Epoque des Shakkanakku, vers 2090 av. J.-C.) (-2100 - -2000)","Matériau : stéatite
Technique : ronde-bosse",partage après fouilles (1937),1937,Mari palais de Zimri-Lim cour 136 (en surface : morceau avec l'inscription) ; Mari palais de Zimri-Lim cour 148 (sur le dallage du grand portail 148-210 : autre fragment) (30 décembre 1936),,Mari palais de Zimri-Lim cour 136 (en surface : morceau avec l'inscription) ; Mari palais de Zimri-Lim cour 148 (sur le dallage du grand portail 148-210 : autre fragment),,https://collections.louvre.fr/media/cache/large/0000000021/0000120557/0001136166_OG.JPG,https://collections.louvre.fr/ark:/53355/cl010120557
louvre:cl010120558,louvre,cl010120558,Lion de Mari,statue,Département des Antiquités orientales,,Date de création/fabrication : Dynastique archaïque IIIB (?) (L'attribution à l'époque de Zimri Lim anciennement reconnue pour ce temple est sujette à controverse : milieu IIIe mill ; début IIe mill) et Dynasties amorites : Zimri-Lim (?) (-2500 - -2340 et -1782 - -1759),Date de création/fabrication : Dynastique archaïque IIIB (?) (L'attribution à l'époque de Zimri Lim anciennement reconnue pour ce temple est sujette à controverse : milieu IIIe mill ; début IIe mill) et Dynasties amorites : Zimri-Lim (?) (-2500 - -2340 et -1782 - -1759),"Matériau : cuivre
Matériau secondaire : calcaire, stéatite
Technique : martelé, riveté, incrusté",partage après fouilles (1937),1937,"Mari temple de Dagan (Lion gardien, à l'intérieur du "" temple aux lions "" (appelé temple de Dagan par le fouilleur)) (8 février 1937)",,"Mari temple de Dagan (Lion gardien, à l'intérieur du "" temple aux lions "" (appelé temple de Dagan par le fouilleur))",,https://collections.louvre.fr/media/cache/large/0000000021/0000120558/0001023509_OG.JPG,https://collections.louvre.fr/ark:/53355/cl010120558
louvre:cl010120706,louvre,cl010120706,Vase d'Enmetena,vase (objet votif),Département des Antiquités orientales,,Date de création/fabrication : Dynastique archaïque IIIB : Enmetena (Vers 2400 av. J. - C.) (-2420 - -2400),Date de création/fabrication : Dynastique archaïque IIIB : Enmetena (Vers 2400 av. J. - C.) (-2420 - -2400),"Matériau : argent
Matériau secondaire : cuivre
Technique : martelé, coulé fondu, gravé (décor)",don après fouilles (11/03/1896),1896,Girsu = Tello (1888),,Girsu = Tello,,https://collections.louvre.fr/media/cache/large/0000000021/0000120706/0000570101_OG.JPG,https://collections.louvre.fr/ark:/53355/cl010120706
louvre:cl010121494,louvre,cl010121494,"Tête royale dite ""tête de Hammurabi""",statue (tête),Département des Antiquités orientales,,Date de création/fabrication : 1ère dynastie de Babylone : Hammurabi (?) (-1792 - -1750),Date de création/fabrication : 1ère dynastie de Babylone : Hammurabi (?) (-1792 - -1750),"Matériau : gabbro
Technique : ronde-bosse",partage après fouilles,,Suse,Babylonie = Sumer,Suse,,https://collections.louvre.fr/media/cache/large/0000000021/0000121494/0000230918_OG.JPG,https://collections.louvre.fr/ark:/53355/cl010121494
louvre:cl010121794,louvre,cl010121794,Stèle des vautours,stèle (fragment : 7),Département des Antiquités orientales,,Date de création/fabrication : Dynastique archaïque IIIB : Eannatum (Vers 2450 av. J. - C.) (-2450 - -2425),Date de création/fabrication : Dynastique archaïque IIIB : Eannatum (Vers 2450 av. J. - C.) (-2450 - -2425),"Matériau : calcaire
Technique : bas-relief",don après fouilles (1881),1881,"Girsu = Tello (Les fragments (A), et (C) de AO 50 ont été découverts au pied du tell K, dans le vallon entre I et I' ; ( B) au Palais en réemploi évident ; AO 2346 (F) , 2647 (D) ; 2348 (E) non loin de la construction dite d'Ur-Nanshe ; (G) acquis par le BM)",,"Girsu = Tello (Les fragments (A), et (C) de AO 50 ont été découverts au pied du tell K, dans le vallon entre I et I' ; ( B) au Palais en réemploi évident ; AO 2346 (F) , 2647 (D) ; 2348 (E) non loin de la construction dite d'Ur-Nanshe ; (G) acquis par le BM)",,https://collections.louvre.fr/media/cache/large/0000000021/0000121794/0001307742_OG.JPG,https://collections.louvre.fr/ark:/53355/cl010121794
louvre:cl010122992,louvre,cl010122992,pendeloque,pendeloque,Département des Antiquités orientales,,Date de création/fabrication : Suse II (-3800 - -3100),Date de création/fabrication : Suse II (-3800 - -3100),"Matériau : or
Technique : gravé (décor)",partage après fouilles,,"Suse 2ème sondage de l'acropole = Suse acropole sondage Sud (cote + 16,50/17 m) (1939)",,"Suse 2ème sondage de l'acropole = Suse acropole sondage Sud (cote + 16,50/17 m)",,https://collections.louvre.fr/media/cache/large/0000000021/0000122992/0001003765_OG.JPG,https://collections.louvre.fr/ark:/53355/cl010122992
louvre:cl010123247,louvre,cl010123247,élément architectural,élément architectural,Département des Antiquités orientales,,Date de création/fabrication : Hellénistique ; Phénicien (Vers 250 avant J.-C.) (vers -250),Date de création/fabrication : Hellénistique ; Phénicien (Vers 250 avant J.-C.) (vers -250),"Matériau : marbre
Technique : ronde-bosse, gravé (décor)",acquisition en mission (1886),1886,Tyr (1886),,Tyr,,https://collections.louvre.fr/media/cache/large/0000000021/0000123247/0000214548_OG.JPG,https://collections.louvre.fr/ark:/53355/cl010123247
louvre:cl010123278,louvre,cl010123278,Linteau d'Imru' al-Qays,élément architectural,Département des Antiquités orientales,,Date de création/fabrication : 1e moitié Ie mill ap. J.-C. (332 ap JC) (daté sur l'oeuvre) et 1e moitié Ie mill ap. J.-C. (328 ap JC) (1 - 500 et 320 - 330),Date de création/fabrication : 1e moitié Ie mill ap. J.-C. (332 ap JC) (daté sur l'oeuvre) et 1e moitié Ie mill ap. J.-C. (328 ap JC) (1 - 500 et 320 - 330),"Matériau : basalte
Technique : bas-relief, gravé (décor)",achat (1903),1903,En Nemara (1901),,En Nemara,,https://collections.louvre.fr/media/cache/large/0000000021/0000123278/0000222393_OG.JPG,https://collections.louvre.fr/ark:/53355/cl010123278
louvre:cl010123450,louvre,cl010123450,Stèle de Naram-Sin,stèle,Département des Antiquités orientales,,Date de création/fabrication : Akkad : Naram-sin (Vers 2250 av. J. - C.) (-2254 - -2218),Date de création/fabrication : Akkad : Naram-sin (Vers 2250 av. J. - C.) (-2254 - -2218),"Matériau : calcaire (rose et beige)
Technique : bas-relief",partage après fouilles,,Suse acropole (Apportée de la ville de Sippar à Suse butin de guerre par Shutruk-Nahhunte au XIIe siècle avant J.-C.) (6 avril 1898),Sippar,Suse acropole (Apportée de la ville de Sippar à Suse butin de guerre par Shutruk-Nahhunte au XIIe siècle avant J.-C.),,https://collections.louvre.fr/media/cache/large/0000000021/0000123450/0000229069_OG.JPG,https://collections.louvre.fr/ark:/53355/cl010123450
louvre:cl010123454,louvre,cl010123454,Obélisque de Manishtusu,stèle,Département des Antiquités orientales,,Date de création/fabrication : Akkad (Vers 2270 av. J. - C. ; rapportée à Suse par Shutruk-Nahhunte (XIIe s av. J. - C.)) (-2340 - -2200),Date de création/fabrication : Akkad (Vers 2270 av. J. - C. ; rapportée à Suse par Shutruk-Nahhunte (XIIe s av. J. - C.)) (-2340 - -2200),"Matériau : gabbro (d'après analyse)
Technique : gravé (décor)",partage après fouilles,,Suse acropole (?) (1897-1898),Babylonie = Sumer,Suse acropole (?),,https://collections.louvre.fr/media/cache/large/0000000021/0000123454/0000397792_OG.JPG,https://collections.louvre.fr/ark:/53355/cl010123454
louvre:cl010123458,louvre,cl010123458,Aphrodite à la tortue,statue (fragment),Département des Antiquités orientales,,Date de création/fabrication : Romain Impérial (IIe s ap JC ; IIIe s ap JC) (100 - 300),Date de création/fabrication : Romain Impérial (IIe s ap JC ; IIIe s ap JC) (100 - 300),"Matériau : marbre
Technique : ronde-bosse, polychromie (traces de couleur rouge)",partage après fouilles,,Doura Europos temple d'Artémis salle B (Chapelle d'Aphrodite) (1922;1923),Grèce (?) ; Littoral syrien (?),Doura Europos temple d'Artémis salle B (Chapelle d'Aphrodite),,https://collections.louvre.fr/media/cache/large/0000000021/0000123458/0000217436_OG.JPG,https://collections.louvre.fr/ark:/53355/cl010123458
louvre:cl010127854,louvre,cl010127854,Triade divine,relief,Département des Antiquités orientales,,Date de création/fabrication : Romain Impérial (Ie s ap JC) (0 - 100),Date de création/fabrication : Romain Impérial (Ie s ap JC) (0 - 100),"Matériau : calcaire
Technique : haut-relief",achat (02/10/1945),1945,"Palmyre = Tadmor (Wādī Miyah,non loin de Biʾr Wereb)",,"Palmyre = Tadmor (Wādī Miyah,non loin de Biʾr Wereb)",,https://collections.louvre.fr/media/cache/large/0000000021/0000127854/0000902377_OG.JPG,https://collections.louvre.fr/ark:/53355/cl010127854
louvre:cl010130455,louvre,cl010130455,mors,mors,Département des Antiquités orientales,,Date de création/fabrication : Ie mill av. J.-C. (-1000 - -1),Date de création/fabrication : Ie mill av. J.-C. (-1000 - -1),"Matériau : fer
Technique : coulé fondu",achat (13/02/1958),1958,Luristan,,Luristan,,https://collections.louvre.fr/media/cache/large/0000000021/0000130455/0000217754_OG.JPG,https://collections.louvre.fr/ark:/53355/cl010130455
louvre:cl010136190,louvre,cl010136190,Ivoire d’Arslan Tash,placage de meuble,Département des Antiquités orientales,,Date de création/fabrication : Néo-assyrien (-800 - -700),Date de création/fabrication : Néo-assyrien (-800 - -700),"Matériau : ivoire
Technique : doré (dorure, traces violettes sur les ailes), sculpté (traces d’outil : sciage au revers.)",partage après fouilles (18/07/1929),1929,Arslan Tash Bâtiment aux ivoires salle 14 (à proximité du mur nord) (1928),,Arslan Tash Bâtiment aux ivoires salle 14 (à proximité du mur nord),,https://collections.louvre.fr/media/cache/large/0000000021/0000136190/0000213604_OG.JPG,https://collections.louvre.fr/ark:/53355/cl010136190
louvre:cl010136213,louvre,cl010136213,Ivoire d’Arslan Tash inscrit,placage de meuble (fragment) ; lame,Département des Antiquités orientales,,Date de création/fabrication : Néo-assyrien (-800 - -700),Date de création/fabrication : Néo-assyrien (-800 - -700),Matériau : ivoire,partage après fouilles (18/07/1929),1929,Arslan Tash Bâtiment aux ivoires salle 14 (à proximité immédiate des traces du cadre de « lit ») (1928),,Arslan Tash Bâtiment aux ivoires salle 14 (à proximité immédiate des traces du cadre de « lit »),,https://collections.louvre.fr/media/cache/large/0000000021/0000136213/0000213691_OG.JPG,https://collections.louvre.fr/ark:/53355/cl010136213
louvre:cl010138617,louvre,cl010138617,hache,hache,Département des Antiquités orientales,,Date de création/fabrication : 1e moitié IIe mill av. J.-C. (début IIe mill) (-2000 - -1800),Date de création/fabrication : 1e moitié IIe mill av. J.-C. (début IIe mill) (-2000 - -1800),Matériau : bronze,achat (1958),1958,,Luristan,,,https://collections.louvre.fr/media/cache/large/0000000021/0000138617/0000214372_OG.JPG,https://collections.louvre.fr/ark:/53355/cl010138617
louvre:cl010140480,louvre,cl010140480,L'Adorant de Larsa,figurine,Département des Antiquités orientales,,Date de création/fabrication : 1ère dynastie de Babylone : Hammurabi (-1792 - -1750),Date de création/fabrication : 1ère dynastie de Babylone : Hammurabi (-1792 - -1750),"Matériau : cuivre
Matériau secondaire : or
Technique : coulé fondu, plaqué (doré)",achat (1931),1931,Larsa = Senkereh,,Larsa = Senkereh,,https://collections.louvre.fr/media/cache/large/0000000021/0000140480/0000214964_OG.JPG,https://collections.louvre.fr/ark:/53355/cl010140480
louvre:cl010140542,louvre,cl010140542,Stèle du Baal au foudre,stèle,Département des Antiquités orientales,,Date de création/fabrication : Bronze moyen ; Bronze récent (-2000 - -1150),Date de création/fabrication : Bronze moyen ; Bronze récent (-2000 - -1150),"Matériau : calcaire oolithique (""La roche est de couleur beige clair, assez tendre. L'étude microscopique montre qu'il s'agit d'un calcaire oolithique ; les oolithes sont liés par un ciment sparitique de calcite."", G. Querré, Analyse novembre 1990, N° Lab. L 20169)",partage après fouilles,,Ras Shamra acropole (à l'ouest du Temple de Baal) (28 mai 1932),,Ras Shamra acropole (à l'ouest du Temple de Baal),,https://collections.louvre.fr/media/cache/large/0000000021/0000140542/0000215065_OG.JPG,https://collections.louvre.fr/ark:/53355/cl010140542
louvre:cl010141456,louvre,cl010141456,Vase d'Ishtar,vase,Département des Antiquités orientales,,Date de création/fabrication : Larsa (-2025 - -1763),Date de création/fabrication : Larsa (-2025 - -1763),"Matériau : terre cuite
Technique : incisé (décor), polychromie (Traces de peinture noire, blanche et rouge), modelé",partage après fouilles,,Larsa tombe 15 (1933),,Larsa tombe 15,,https://collections.louvre.fr/media/cache/large/0000000021/0000141456/0000572123_OG.JPG,https://collections.louvre.fr/ark:/53355/cl010141456
louvre:cl010141459,louvre,cl010141459,mors,mors,Département des Antiquités orientales,,Date de création/fabrication : 2e moitié IIe mill av. J.-C. (XIe - IXe s) et 1e moitié Ie mill av. J.-C. (-1100 - -1000 et -1000 - -800),Date de création/fabrication : 2e moitié IIe mill av. J.-C. (XIe - IXe s) et 1e moitié Ie mill av. J.-C. (-1100 - -1000 et -1000 - -800),Matériau : bronze,partage après fouilles,,"Giyan = Tepe Giyan (Village de Giyan près de Néhavend. Tombe 3, ""type Luristan"") (1932)",,"Giyan = Tepe Giyan (Village de Giyan près de Néhavend. Tombe 3, ""type Luristan"")",,https://collections.louvre.fr/media/cache/large/0000000021/0000141459/0000215249_OG.JPG,https://collections.louvre.fr/ark:/53355/cl010141459
louvre:cl010144013,louvre,cl010144013,tablette,tablette,Département des Antiquités orientales,,Date de création/fabrication : Médio-assyrien : Adad-Nirari I (XIIIe s (début)) (-1305 - -1274),Date de création/fabrication : Médio-assyrien : Adad-Nirari I (XIIIe s (début)) (-1305 - -1274),"Matériau : albâtre
Technique : gravé",achat (1937),1937,Assur = Qalaat Shergat = Qalaat Sherkat (?),,Assur = Qalaat Shergat = Qalaat Sherkat (?),,https://collections.louvre.fr/media/cache/large/0000000021/0000144013/0000216800_OG.JPG,https://collections.louvre.fr/ark:/53355/cl010144013
louvre:cl010144290,louvre,cl010144290,autel ; figurine,autel ; figurine,Département des Antiquités orientales,,Date de création/fabrication : Romain Impérial (IIe s ap JC) (100 - 200),Date de création/fabrication : Romain Impérial (IIe s ap JC) (100 - 200),"Matériau : bronze
Matériau secondaire : or
Technique : doré",achat (25/05/1939),1939,Baalbeck (Découvert à Baalbeck en plusieurs fragments ; le bras droit n'a pas été retrouvé),,Baalbeck (Découvert à Baalbeck en plusieurs fragments ; le bras droit n'a pas été retrouvé),,https://collections.louvre.fr/media/cache/large/0000000021/0000144290/0001295952_OG.JPG,https://collections.louvre.fr/ark:/53355/cl010144290
louvre:cl010144553,louvre,cl010144553,"Peinture de ""l'Investiture""",peinture murale,Département des Antiquités orientales,,Date de création/fabrication : Dynasties amorites (début IIe mill) (-2000 - -1800),Date de création/fabrication : Dynasties amorites (début IIe mill) (-2000 - -1800),"Matériau : argile
Technique : peint",partage après fouilles,,Mari palais de Zimri-Lim cour 106 (1935-1936),,Mari palais de Zimri-Lim cour 106,,https://collections.louvre.fr/media/cache/large/0000000021/0000144553/0000217097_OG.JPG,https://collections.louvre.fr/ark:/53355/cl010144553
louvre:cl010144705,louvre,cl010144705,tablette,tablette (fragment),Département des Antiquités orientales,,Date de création/fabrication : Bronze récent II (-1400 - -1200),Date de création/fabrication : Bronze récent II (-1400 - -1200),Matériau : terre cuite,partage après fouilles,,Ras Shamra butte Nord Ouest du tell (1938),,Ras Shamra butte Nord Ouest du tell,,https://collections.louvre.fr/media/cache/large/0000000021/0000144705/0001345123_OG.JPG,https://collections.louvre.fr/ark:/53355/cl010144705
louvre:cl010144847,louvre,cl010144847,figurine,figurine,Département des Antiquités orientales,,Date de création/fabrication : Parthe (IIIe siècle avant J.-C. - IIIe siècle après J.-C) (-247 - 224),Date de création/fabrication : Parthe (IIIe siècle avant J.-C. - IIIe siècle après J.-C) (-247 - 224),"Matériau : albâtre
Matériau secondaire : or, verre, terre cuite
Technique : ronde-bosse",entrée au Louvre avant (1870),1870,Babylonie = Sumer (Attribution d'après style),,Babylonie = Sumer (Attribution d'après style),,https://collections.louvre.fr/media/cache/large/0000000021/0000144847/0000217465_OG.JPG,https://collections.louvre.fr/ark:/53355/cl010144847
louvre:cl010145111,louvre,cl010145111,hache,hache,Département des Antiquités orientales,,Date de création/fabrication : 1e moitié IIe mill av. J.-C. (début IIe mill) (-2000 - -1800),Date de création/fabrication : 1e moitié IIe mill av. J.-C. (début IIe mill) (-2000 - -1800),Matériau : bronze,achat (13/02/1958),1958,,Luristan,,,https://collections.louvre.fr/media/cache/original/0000000021/0000145111/0000723967_OG.JPG,https://collections.louvre.fr/ark:/53355/cl010145111
louvre:cl010148863,louvre,cl010148863,figurine,figurine,Département des Antiquités orientales,,Date de création/fabrication : Achéménide (2e moitié Ie mill) (-539 - -330),Date de création/fabrication : Achéménide (2e moitié Ie mill) (-539 - -330),"Matériau : os (radius de cheval)
Technique : sculpté",don,,Phénicie (?) ; Syrie et Liban (?),,Phénicie (?) ; Syrie et Liban (?),,https://collections.louvre.fr/media/cache/large/0000000021/0000148863/0000219116_OG.JPG,https://collections.louvre.fr/ark:/53355/cl010148863
louvre:cl010149662,louvre,cl010149662,hache,hache,Département des Antiquités orientales,,Date de création/fabrication : 1e moitié IIe mill av. J.-C. (début IIe mill) (-2000 - -1800),Date de création/fabrication : 1e moitié IIe mill av. J.-C. (début IIe mill) (-2000 - -1800),Matériau : bronze,don (1972),1972,,Luristan,,,https://collections.louvre.fr/media/cache/original/0000000021/0000149662/0001103533_OG.JPG,https://collections.louvre.fr/ark:/53355/cl010149662
louvre:cl010149663,louvre,cl010149663,hache,hache,Département des Antiquités orientales,,,,Matériau : bronze,don (1972),1972,Luristan,,Luristan,,https://collections.louvre.fr/media/cache/large/0000000021/0000149663/0000219392_OG.JPG,https://collections.louvre.fr/ark:/53355/cl010149663
louvre:cl010149665,louvre,cl010149665,hache,hache,Département des Antiquités orientales,,Date de création/fabrication : Dynastie des Sukkal-mah : Atta-hushu (-2000 - -1500),Date de création/fabrication : Dynastie des Sukkal-mah : Atta-hushu (-2000 - -1500),Matériau : bronze,don (1972),1972,,Luristan,,,https://collections.louvre.fr/media/cache/large/0000000021/0000149665/0000219404_OG.JPG,https://collections.louvre.fr/ark:/53355/cl010149665
louvre:cl010150476,louvre,cl010150476,hache,hache,Département des Antiquités orientales,,Date de création/fabrication : 1e moitié IIe mill av. J.-C. (début IIe mill) (-2000 - -1800),Date de création/fabrication : 1e moitié IIe mill av. J.-C. (début IIe mill) (-2000 - -1800),Matériau : bronze,achat (12/02/1976),1976,,Luristan,,,https://collections.louvre.fr/media/cache/large/0000000021/0000150476/0000219834_OG.JPG,https://collections.louvre.fr/ark:/53355/cl010150476
louvre:cl010151005,louvre,cl010151005,vase,vase,Département des Antiquités orientales,,,,Matériau : terre cuite (gris),achat (1978),1978,Iran (Iran du Nord),,Iran (Iran du Nord),,https://collections.louvre.fr/media/cache/large/0000000021/0000151005/0000220263_OG.JPG,https://collections.louvre.fr/ark:/53355/cl010151005
louvre:cl010151190,louvre,cl010151190,Lance colossale inscrite au nom d'un roi de Kish,lance,Département des Antiquités orientales,,Date de création/fabrication : Dynastique archaïque II (Vers 2600 av. J. - C.) (-2700 - -2600),Date de création/fabrication : Dynastique archaïque II (Vers 2600 av. J. - C.) (-2700 - -2600),Matériau : cuivre,don après fouilles (1896),1896,Girsu = Tello,,Girsu = Tello,,https://collections.louvre.fr/media/cache/large/0000000021/0000151190/0000220344_OG.JPG,https://collections.louvre.fr/ark:/53355/cl010151190
louvre:cl010155677,louvre,cl010155677,poignard ; fourreau,poignard ; fourreau,Département des Antiquités orientales,,Date de création/fabrication : 1e moitié Ie mill av. J.-C. (début Ie mill) (-1000 - -800),Date de création/fabrication : 1e moitié Ie mill av. J.-C. (début Ie mill) (-1000 - -800),Matériau : bronze,achat (2001),2001,Iran (Iran du nord. Localisation d'après style),,Iran (Iran du nord. Localisation d'après style),,https://collections.louvre.fr/media/cache/large/0000000021/0000155677/0000221775_OG.JPG,https://collections.louvre.fr/ark:/53355/cl010155677
louvre:cl010156607,louvre,cl010156607,autel,autel (fragment),Département des Antiquités orientales,,Date de création/fabrication : Romain Impérial (Ie s) (vers -100),Date de création/fabrication : Romain Impérial (Ie s) (vers -100),"Matériau : calcaire
Technique : gravé",don (1901),1901,Henchir Alaouin (Tunisie actuelle),,Henchir Alaouin (Tunisie actuelle),,https://collections.louvre.fr/media/cache/large/0000000021/0000156607/0000222020_OG.JPG,https://collections.louvre.fr/ark:/53355/cl010156607
louvre:cl010167793,louvre,cl010167793,tablette,tablette,Département des Antiquités orientales,,Date de création/fabrication : Bronze récent II (Nouvel Empire : Aménophis IV-Akhénaton (1353 - 1337 avant J.-C.)) (-1400 - -1200),Date de création/fabrication : Bronze récent II (Nouvel Empire : Aménophis IV-Akhénaton (1353 - 1337 avant J.-C.)) (-1400 - -1200),"Matériau : argile
Technique : incisé",achat (1918),1918,Amarna = Tell el Amarna,,Amarna = Tell el Amarna,,https://collections.louvre.fr/media/cache/large/0000000021/0000167793/0001122886_OG.JPG,https://collections.louvre.fr/ark:/53355/cl010167793
louvre:cl010167794,louvre,cl010167794,tablette,tablette,Département des Antiquités orientales,,Date de création/fabrication : Bronze récent II (Nouvel Empire : Aménophis IV-Akhénaton (1353 - 1337 avant J.-C.)) (-1400 - -1200),Date de création/fabrication : Bronze récent II (Nouvel Empire : Aménophis IV-Akhénaton (1353 - 1337 avant J.-C.)) (-1400 - -1200),"Matériau : terre cuite
Technique : incisé",achat (1918),1918,Amarna = Tell el Amarna,,Amarna = Tell el Amarna,,https://collections.louvre.fr/media/cache/large/0000000021/0000167794/0001302440_OG.JPG,https://collections.louvre.fr/ark:/53355/cl010167794
louvre:cl010170853,louvre,cl010170853,Frise des archers,panneau de briques,Département des Antiquités orientales,,Date de création/fabrication : Achéménide : Darius I (-522 - -486),Date de création/fabrication : Achéménide : Darius I (-522 - -486),"Matériau : céramique siliceuse à glaçure
Technique : moulé, polychromie",acquisition en mission,,Suse apadana palais de Darius (1884-1886),,Suse apadana palais de Darius,,https://collections.louvre.fr/media/cache/large/0000000021/0000170853/0000225439_OG.JPG,https://collections.louvre.fr/ark:/53355/cl010170853
louvre:cl010174063,louvre,cl010174063,élément de mobilier,élément de mobilier,Département des Antiquités orientales,,Date de création/fabrication : Sassanide (IVe s ap JC) (300 - 400),Date de création/fabrication : Sassanide (IVe s ap JC) (300 - 400),"Matériau : argent
Technique : doré",achat (1953),1953,Kerman (environs),,Kerman (environs),,https://collections.louvre.fr/media/cache/large/0000000021/0000174063/0000225670_OG.JPG,https://collections.louvre.fr/ark:/53355/cl010174063
louvre:cl010174445,louvre,cl010174445,Kudurru du roi Melishipak II : enceinte et bateau,kudurru,Département des Antiquités orientales,,"Date de création/fabrication : Kassite : Melishipak = Kassite : Melishihu (-1186 - -1172)
Date de réutilisation : Dynastie des Shutrukides : Shutruk-Nahhunte I (-1190 - -1155)","Date de création/fabrication : Kassite : Melishipak = Kassite : Melishihu (-1186 - -1172)
Date de réutilisation : Dynastie des Shutrukides : Shutruk-Nahhunte I (-1190 - -1155)",Matériau : albâtre,partage après fouilles,,Suse (Apporté de Babylonie à Suse en butin de guerre au XIIe s. av. J.-C) (1906-1908),Irak = Mésopotamie,Suse (Apporté de Babylonie à Suse en butin de guerre au XIIe s. av. J.-C),,https://collections.louvre.fr/media/cache/large/0000000021/0000174445/0000594722_OG.JPG,https://collections.louvre.fr/ark:/53355/cl010174445
louvre:cl010174451,louvre,cl010174451,Kudurru de Nazimaruttash,kudurru,Département des Antiquités orientales,,Date de création/fabrication : Kassite : Nazimarutash (2e moitié du XIVe siècle avant J.-C.) (-1307 - -1282),Date de création/fabrication : Kassite : Nazimarutash (2e moitié du XIVe siècle avant J.-C.) (-1307 - -1282),"Matériau : calcaire (noir)
Technique : bas-relief, gravé",partage après fouilles,,Suse acropole (Tranchée 7α. Découvert à Suse où il avait été emporté en butin de guerre au XIIe siècle av. J.-C.) (1898),Babylonie = Sumer,Suse acropole (Tranchée 7α. Découvert à Suse où il avait été emporté en butin de guerre au XIIe siècle av. J.-C.),,https://collections.louvre.fr/media/cache/large/0000000021/0000174451/0000227315_OG.JPG,https://collections.louvre.fr/ark:/53355/cl010174451
louvre:cl010174452,louvre,cl010174452,Kudurru de Meli-Shipak,kudurru,Département des Antiquités orientales,,"Date de création/fabrication : Kassite : Melishipak = Kassite : Melishihu (-1186 - -1172)
Date de réutilisation : Médio-élamite (-1500 - -1100)","Date de création/fabrication : Kassite : Melishipak = Kassite : Melishihu (-1186 - -1172)
Date de réutilisation : Médio-élamite (-1500 - -1100)","Matériau : calcaire
Technique : bas-relief, gravé",partage après fouilles,,Suse acropole (Tranchée 7α. Apporté de Babylonie à Suse en butin de guerre au XIIe s. av. J.-C.) (1898),Babylonie = Sumer,Suse acropole (Tranchée 7α. Apporté de Babylonie à Suse en butin de guerre au XIIe s. av. J.-C.),,https://collections.louvre.fr/media/cache/large/0000000021/0000174452/0000227378_OG.JPG,https://collections.louvre.fr/ark:/53355/cl010174452
louvre:cl010174453,louvre,cl010174453,Kudurru du roi Melishipak II,kudurru,Département des Antiquités orientales,,,,"Matériau : calcaire
Technique : bas-relief",partage après fouilles,,Suse (Apporté de Babylonie à Suse en butin de guerre au XIIe s. av. J.-C.),Babylonie = Sumer,Suse (Apporté de Babylonie à Suse en butin de guerre au XIIe s. av. J.-C.),,https://collections.louvre.fr/media/cache/large/0000000021/0000174453/0000227400_OG.JPG,https://collections.louvre.fr/ark:/53355/cl010174453
louvre:cl010174456,louvre,cl010174456,Kudurru de Marduk-apla-iddina I,kudurru,Département des Antiquités orientales,,Date de création/fabrication : Kassite : Marduk-apla-iddina I (-1171 - -1159),Date de création/fabrication : Kassite : Marduk-apla-iddina I (-1171 - -1159),"Matériau : calcaire
Technique : bas-relief, gravé",partage après fouilles,,Suse (Apporté de Babylonie à Suse en butin de guerre au XIIe s. av. J.-C.) (1899-1902),Babylonie = Sumer,Suse (Apporté de Babylonie à Suse en butin de guerre au XIIe s. av. J.-C.),,https://collections.louvre.fr/media/cache/large/0000000021/0000174456/0000227539_OG.JPG,https://collections.louvre.fr/ark:/53355/cl010174456
louvre:cl010174457,louvre,cl010174457,kudurru,kudurru,Département des Antiquités orientales,,,,"Matériau : calcaire
Technique : bas-relief",partage après fouilles,,Suse (Apporté de Babylonie à Suse en butin de guerre au XIIe s. av. J.-C.) (1899-1902),Babylonie = Sumer,Suse (Apporté de Babylonie à Suse en butin de guerre au XIIe s. av. J.-C.),,https://collections.louvre.fr/media/cache/large/0000000021/0000174457/0000227548_OG.JPG,https://collections.louvre.fr/ark:/53355/cl010174457
louvre:cl010174482,louvre,cl010174482,Statue de la déesse Narundi,statue,Département des Antiquités orientales,,Date de création/fabrication : Dynastie d'Awan : Puzur-Inshushinak = Dynastie d'Awan : Kutik-Inshushinak (vers -2120 - -2100),Date de création/fabrication : Dynastie d'Awan : Puzur-Inshushinak = Dynastie d'Awan : Kutik-Inshushinak (vers -2120 - -2100),"Matériau : calcaire
Technique : ronde-bosse",partage après fouilles,,Suse acropole (1904 (tête) ; 1907 (corps)),,Suse acropole,,https://collections.louvre.fr/media/cache/large/0000000021/0000174482/0000836505_OG.JPG,https://collections.louvre.fr/ark:/53355/cl010174482
louvre:cl010176829,louvre,cl010176829,Statue de la reine Napirasu,statue,Département des Antiquités orientales,,Date de création/fabrication : Dynastie d'Igi-halkid : Untash-Napirisha (-1345 - -1305),Date de création/fabrication : Dynastie d'Igi-halkid : Untash-Napirisha (-1345 - -1305),"Matériau : bronze
Matériau secondaire : cuivre",partage après fouilles,,Suse acropole temple de Ninhursag (1903),,Suse acropole temple de Ninhursag,,https://collections.louvre.fr/media/cache/large/0000000021/0000176829/0001213026_OG.JPG,https://collections.louvre.fr/ark:/53355/cl010176829
louvre:cl010186847,louvre,cl010186847,vase,vase,Département des Antiquités orientales,,Date de création/fabrication : Suse I (-4000 - -3500),Date de création/fabrication : Suse I (-4000 - -3500),"Matériau : terre cuite
Technique : modelé, peint (décor)",partage après fouilles,,Suse acropole nécropole (1898-1908),,Suse acropole nécropole,,https://collections.louvre.fr/media/cache/large/0000000021/0000186847/0000226727_OG.JPG,https://collections.louvre.fr/ark:/53355/cl010186847
louvre:cl010250162,louvre,cl010250162,Kouros de Paros,statue,"Département des Antiquités grecques, étrusques et romaines",,"Epoque / période : archaïque

Date de création/fabrication : 3e quart VIe s. av. J.-C. (vers -540 - -530)","Epoque / période : archaïque

Date de création/fabrication : 3e quart VIe s. av. J.-C. (vers -540 - -530)","Matériau : marbre
Technique : ronde-bosse (sculpture)",achat (1910),1910,Paros - 1902 (asclépéion) (1902),Paros,Paros - 1902 (asclépéion),,https://collections.louvre.fr/media/cache/large/0000000021/0000250162/0000621310_OG.JPG,https://collections.louvre.fr/ark:/53355/cl010250162
louvre:cl010250164,louvre,cl010250164,Le passage des Théores - Apollon Nymphagète et les Nympes,relief architectural ; bloc de parement,"Département des Antiquités grecques, étrusques et romaines",,"Epoque / période : archaïque ; tardif

Date de création/fabrication : 1e quart Ve s. av. J.-C. (avant -480)","Epoque / période : archaïque ; tardif

Date de création/fabrication : 1e quart Ve s. av. J.-C. (avant -480)","Matériau : marbre
Technique : bas-relief (sculpture) (des éléments étaient  rapportés des traces au niveau du plectre, des cordes de la cithare,et des perles des couronnes.)",affecté au Louvre (1865),1865,Thasos - 1864 (passage des Théores) (1864),Thasos,Thasos - 1864 (passage des Théores),,https://collections.louvre.fr/media/cache/large/0000000021/0000250164/0000621421_OG.JPG,https://collections.louvre.fr/ark:/53355/cl010250164
louvre:cl010250475,louvre,cl010250475,stamnos,stamnos,"Département des Antiquités grecques, étrusques et romaines",,"Epoque / période : archaïque ; figures rouges

Date de création/fabrication : 1e quart Ve s. av. J.-C. (fin) (vers -480 - -475)","Epoque / période : archaïque ; figures rouges

Date de création/fabrication : 1e quart Ve s. av. J.-C. (fin) (vers -480 - -475)","Matériau : argile
Technique : peinture brillante (peinture), dessin au trait, rehaut rouge (peinture->rehaut) (bandeaux et liens d'Athéna et Iris, bandeaux d'Amphitryon et de Zeus, bracelets, flammes, liens du pétase d'Hermès), figures rouges (céramique)
Précision technique : intérieur de l'embouchure peint en noir",achat (1836),1836,Vulci (Canino),Athènes,Vulci (Canino),,https://collections.louvre.fr/media/cache/large/0000000021/0000250475/0000624711_OG.JPG,https://collections.louvre.fr/ark:/53355/cl010250475
louvre:cl010250571,louvre,cl010250571,Hermaphrodite endormi,statue,"Département des Antiquités grecques, étrusques et romaines",,"Epoque / période : romain impérial

Date de création/fabrication : 1e moitié IIe s. ap. J.-C. (100 - 150)","Epoque / période : romain impérial

Date de création/fabrication : 1e moitié IIe s. ap. J.-C. (100 - 150)","Matériau : marbre (marbre de Carrare ?)
Technique : ronde-bosse (sculpture)",achat (1807),1807,Rome - 1618 (thermes de Dioclétien) (1618),Rome,Rome - 1618 (thermes de Dioclétien),,https://collections.louvre.fr/media/cache/large/0000000021/0000250571/0000625259_OG.JPG,https://collections.louvre.fr/ark:/53355/cl010250571
louvre:cl010252531,louvre,cl010252531,Victoire de Samothrace,statue ; base de statue,"Département des Antiquités grecques, étrusques et romaines",,"Epoque / période : hellénistique

Date de création/fabrication : 1e quart IIe s. av. J.-C. (-200 - -175)","Epoque / période : hellénistique

Date de création/fabrication : 1e quart IIe s. av. J.-C. (-200 - -175)","Matériau : marbre de Paros (statue), marbre de Lartos (navire, socle)
Technique : ronde-bosse (sculpture) (Le buste et les ailes de la statue ont été travaillés à part et rapportés. Des pans de draperie à l'arrière et sur le sol ont été également rapportés. Présence de surfaces de joint au bras droit, au mollet gauche, au pied droit, à l'avant de la draperie. La base est constituée de 16 blocs répartis sur trois assises. Le socle est constitué de 6 dalles juxtaposées.), taillé",affecté au Louvre (1864),1864,Samothrace Paléopolis - 1863 (Cabirion) (1863),Rhodes (?),Samothrace Paléopolis - 1863 (Cabirion),,https://collections.louvre.fr/media/cache/large/0000000021/0000252531/0000632582_OG.JPG,https://collections.louvre.fr/ark:/53355/cl010252531
louvre:cl010256592,louvre,cl010256592,tiare de Saitapharnes,casque,"Département des Antiquités grecques, étrusques et romaines",,"Epoque / période : époque contemporaine

Date de création/fabrication : XIXe s. ap. J.-C. (œuvre de Rouchomowsky à la fin du XIXe s. ap. J.-C.) (1800 - 1900)","Epoque / période : époque contemporaine

Date de création/fabrication : XIXe s. ap. J.-C. (œuvre de Rouchomowsky à la fin du XIXe s. ap. J.-C.) (1800 - 1900)","Matériau : or
Technique : feuilles (mise en forme), martelage = martelé (métal) (mise en forme), soudé = soudure (métal) (mise en forme), repoussé (métal) (décor), ciselé = ciselure (décor)",achat (1896),1896,Inconnu,,Inconnu,,https://collections.louvre.fr/media/cache/original/0000000021/0000256592/0000754999_OG.JPG,https://collections.louvre.fr/ark:/53355/cl010256592
louvre:cl010257735,louvre,cl010257735,Apollon de Piombino,statue,"Département des Antiquités grecques, étrusques et romaines",,"Epoque / période : romain ; style archaïsant

Date de création/fabrication : 4e quart IIe s. av. J.-C. (datation incertaine) (-125 - -100)","Epoque / période : romain ; style archaïsant

Date de création/fabrication : 4e quart IIe s. av. J.-C. (datation incertaine) (-125 - -100)","Matériau : bronze
Matériau secondaire : argent (inscription), cuivre (sourcils, lèvres, mamelons)
Technique : fonte en creux (coulé = fondu = fonte), incrustation = incrusté (traces dans les yeux), gravé = gravure (mèches)
Précision technique : fonte en plusieurs morceaux ; trace des attributs rapportés dans les mains",achat (1834),1834,Piombino - 1832 (dans la mer) (1832),Rhodes,Piombino - 1832 (dans la mer),,https://collections.louvre.fr/media/cache/large/0000000021/0000257735/0000633059_OG.JPG,https://collections.louvre.fr/ark:/53355/cl010257735
louvre:cl010258136,louvre,cl010258136,inscription,inscription,"Département des Antiquités grecques, étrusques et romaines",,"Epoque / période : romain républicain

Date de création/fabrication : 1e quart IIe s. av. J.-C. (19 janvier 189 av. J.-C.) (-189)","Epoque / période : romain républicain

Date de création/fabrication : 1e quart IIe s. av. J.-C. (19 janvier 189 av. J.-C.) (-189)","Matériau : bronze
Technique : coulé = fondu = fonte, gravé = gravure
Précision technique : anneau terminé par une double patte clouée",achat (1868),1868,Alcalá de los Gazules - 1847 (1847),Lascuta,Alcalá de los Gazules - 1847,,https://collections.louvre.fr/media/cache/original/0000000021/0000258136/0001061123_OG.JPG,https://collections.louvre.fr/ark:/53355/cl010258136
louvre:cl010258335,louvre,cl010258335,statuette ; ex-voto,statuette ; ex-voto,"Département des Antiquités grecques, étrusques et romaines",,"Epoque / période : archaïque

Date de création/fabrication : 2e quart VIe s. av. J.-C. (vers -570)","Epoque / période : archaïque

Date de création/fabrication : 2e quart VIe s. av. J.-C. (vers -570)","Matériau : bronze
Technique : fonte pleine (coulé = fondu = fonte), incisé = incision (cheveux, rubans, mamelons, pubis)",don (08/03/1973),1973,,Argos,,,https://collections.louvre.fr/media/cache/large/0000000021/0000258335/0000605708_OG.JPG,https://collections.louvre.fr/ark:/53355/cl010258335
louvre:cl010262830,louvre,cl010262830,arula,arula,"Département des Antiquités grecques, étrusques et romaines",,"Epoque / période : archaïque

Date de création/fabrication : 3e quart VIe s. av. J.-C. (-550 - -525)","Epoque / période : archaïque

Date de création/fabrication : 3e quart VIe s. av. J.-C. (-550 - -525)","Matériau : argile (argile grise micacée)
Technique : modelé, trou d'évent, engobe, peinture, dessin au trait
Précision technique : 2 trous d'évent ronds à l'arrière-dessous évidé-polychromie(peinture brun rose sur les chairs d'Héraclès et du compagnon d'Ulysse,peinture beige sur les chairs de triton,peinture brun rouge sur les languettes et svastikas,peinture marron violacée sur le méandre,la barbe,les cheveux,la tunique d'Héraclès,le corps et la tunique de triton)-dessin au trait(compagnon d'Ulysse,Circé,Héraclès,centaure)",donation sous réserve d'usufruit (1971),1971,,Sicile,,,https://collections.louvre.fr/media/cache/large/0000000021/0000262830/0000925901_OG.JPG,https://collections.louvre.fr/ark:/53355/cl010262830
louvre:cl010264064,louvre,cl010264064,figurine,figurine,"Département des Antiquités grecques, étrusques et romaines",,"Epoque / période : archaïque

Date de création/fabrication : 3e quart VIe s. av. J.-C. (-550 - -525)","Epoque / période : archaïque

Date de création/fabrication : 3e quart VIe s. av. J.-C. (-550 - -525)","Matériau : argile
Technique : modelé, moulé, préparation, peinture (peinture jaune sur arrière train,peinture rouge sur pattes,arrière train,calathos,boucles d'oreilles,visage,cheveux,ailes,traces de peinture noire sur cheveux), pastillage
Précision technique : moule(tête,aile)-pastillage(disque,boucles d'oreille)",achat (1898),1898,Thèbes,Béotie,Thèbes,,https://collections.louvre.fr/media/cache/large/0000000021/0000264064/0000944136_OG.JPG,https://collections.louvre.fr/ark:/53355/cl010264064
louvre:cl010268234,louvre,cl010268234,cratère d'Eurytios,cratère,"Département des Antiquités grecques, étrusques et romaines",,"Epoque / période : archaïque ; corinthien ancien (?) ; corinthien moyen (?)

Date de création/fabrication : 1e quart VIe s. av. J.-C. (vers -600 - -590)","Epoque / période : archaïque ; corinthien ancien (?) ; corinthien moyen (?)

Date de création/fabrication : 1e quart VIe s. av. J.-C. (vers -600 - -590)","Matériau : argile
Technique : peinture brillante (peinture), incisé = incision, rehaut rouge (peinture->rehaut), rehaut blanc (peinture->rehaut), dessin au trait, figures noires (céramique)",achat (1861),1861,Cerveteri = Caeré (d'après Cataloghi Campana),Corinthe,Cerveteri = Caeré (d'après Cataloghi Campana),,https://collections.louvre.fr/media/cache/large/0000000021/0000268234/0000809691_OG.JPG,https://collections.louvre.fr/ark:/53355/cl010268234
louvre:cl010268439,louvre,cl010268439,Dinos du peintre de la gorgone,dinos ; support de dinos,"Département des Antiquités grecques, étrusques et romaines",,"Epoque / période : archaïque ; figures noires

Date de création/fabrication : 1e quart VIe s. av. J.-C. (vers -580)","Epoque / période : archaïque ; figures noires

Date de création/fabrication : 1e quart VIe s. av. J.-C. (vers -580)","Matériau : argile
Technique : peinture brillante (peinture), incisé = incision, rehaut rouge (peinture->rehaut), figures noires (céramique)
Précision technique : peinture noire sur haut du support, tranche du pied",achat et don (1861),1861,Cerveteri = Caeré (d'après les cataloghi Campana),Athènes,Cerveteri = Caeré (d'après les cataloghi Campana),,https://collections.louvre.fr/media/cache/large/0000000021/0000268439/0000624830_OG.JPG,https://collections.louvre.fr/ark:/53355/cl010268439
louvre:cl010269688,louvre,cl010269688,amphore,amphore,"Département des Antiquités grecques, étrusques et romaines",,"Epoque / période : archaïque ; figures noires

Date de création/fabrication : 4e quart VIe s. av. J.-C. ; 1e quart Ve s. av. J.-C. (fin ; debut) (vers -500)","Epoque / période : archaïque ; figures noires

Date de création/fabrication : 4e quart VIe s. av. J.-C. ; 1e quart Ve s. av. J.-C. (fin ; debut) (vers -500)","Matériau : argile
Technique : peinture brillante (peinture), incisé = incision, rehaut blanc (peinture->rehaut) (chairs d'Athéna, Pégase), rehaut rouge (peinture->rehaut) (languettes, bordures du casque, du cimier et du chiton, points sur le bouclier, coqs, barbes), figures noires (céramique)",achat (1861),1861,Italie centrale,Athènes,Italie centrale,,https://collections.louvre.fr/media/cache/large/0000000021/0000269688/0000870576_OG.JPG,https://collections.louvre.fr/ark:/53355/cl010269688
louvre:cl010269994,louvre,cl010269994,cratère d'Antée,cratère,"Département des Antiquités grecques, étrusques et romaines",,"Epoque / période : archaïque ; figures rouges

Date de création/fabrication : 4e quart VIe s. av. J.-C. (vers -515 - -510)","Epoque / période : archaïque ; figures rouges

Date de création/fabrication : 4e quart VIe s. av. J.-C. (vers -515 - -510)","Matériau : argile
Technique : peinture brillante (peinture), dessin au trait, rehaut rouge (peinture->rehaut) (bandeaux, lanière du carquois d'Héraclès, bracelets, couronnes, inscriptions, double filet sur la vasque), incisé = incision (contour de la barbe d'Antée et des chevelures du géant, des deux femmes de droite face A et des jeunes gens de la face B), grènetis (chevelure d'Héraclès), figures rouges (céramique)
Précision technique : coup de feu (une partie de la panse et du pied face B et sous l'anse B-A, une petite zone à l'intérieur de la vasque)",achat et don (1861),1861,Italie centrale (Etrurie),Athènes,Italie centrale (Etrurie),,https://collections.louvre.fr/media/cache/large/0000000021/0000269994/0000809697_OG.JPG,https://collections.louvre.fr/ark:/53355/cl010269994
louvre:cl010270005,louvre,cl010270005,coupe,coupe,"Département des Antiquités grecques, étrusques et romaines",,"Epoque / période : archaïque ; figures rouges

Date de création/fabrication : 1e quart Ve s. av. J.-C. (vers -490 - -480)","Epoque / période : archaïque ; figures rouges

Date de création/fabrication : 1e quart Ve s. av. J.-C. (vers -490 - -480)","Matériau : argile
Technique : peinture brillante (peinture), dessin au trait, rehaut rouge (peinture->rehaut) (inscriptions, sang, fleur), figures rouges (céramique)",achat (1879),1879,Santa Maria di Capua (d'après registre MNB),Athènes,Santa Maria di Capua (d'après registre MNB),,https://collections.louvre.fr/media/cache/large/0000000021/0000270005/0001319635_OG.JPG,https://collections.louvre.fr/ark:/53355/cl010270005
louvre:cl010271428,louvre,cl010271428,"Tirage du ""Galet d'Antibes"" ou ""Galet de Terpon""",inscription,"Département des Antiquités grecques, étrusques et romaines",,Date de création/fabrication : 4e quart XIXe s. ap. J.-C. (don au musée du louvre en 1887.) (1887 - 1900),Date de création/fabrication : 4e quart XIXe s. ap. J.-C. (don au musée du louvre en 1887.) (1887 - 1900),"Matériau : plâtre
Technique : patine (ocre jaune)
Précision technique : plâtre creux","affectation, attribution (1887)",1887,,,,,https://collections.louvre.fr/media/cache/large/0000000021/0000271428/0000850035_OG.JPG,https://collections.louvre.fr/ark:/53355/cl010271428
louvre:cl010274864,louvre,cl010274864,lécythe,lécythe,"Département des Antiquités grecques, étrusques et romaines",,"Epoque / période : archaïque ; fond blanc I

Date de création/fabrication : 1e quart Ve s. av. J.-C. (-500 - -475)","Epoque / période : archaïque ; fond blanc I

Date de création/fabrication : 1e quart Ve s. av. J.-C. (-500 - -475)","Matériau : argile
Technique : peinture brillante (peinture), incisé = incision, dessin au trait, rehaut rouge (peinture->rehaut) (lion, manteau, baudrier, palmettes), fond blanc I (céramique->fond blanc)
Précision technique : vernis dilué (musculature d'Héraclès)-défaut de cuisson (bas de la panse viré au rouge)",achat (1876),1876,Tanagra (?) (selon MNB),Athènes,Tanagra (?) (selon MNB),,https://collections.louvre.fr/media/cache/original/0000000021/0000274864/0000848939_OG.JPG,https://collections.louvre.fr/ark:/53355/cl010274864
louvre:cl010275212,louvre,cl010275212,groupe statuaire représentant un couple en Mars et Vénus,groupe statuaire,"Département des Antiquités grecques, étrusques et romaines",,"Epoque / période : romain impérial

Date de création/fabrication : 2e quart IIe s. ap. J.-C. ; 3e quart IIe s. ap. J.-C. (fin ; debut) (vers 150)","Epoque / période : romain impérial

Date de création/fabrication : 2e quart IIe s. ap. J.-C. ; 3e quart IIe s. ap. J.-C. (fin ; debut) (vers 150)","Matériau : marbre
Technique : ronde-bosse (sculpture), bas-relief (sculpture) (le décor est traité en bas-relief), gravé = gravure (L'iris et les pupilles sont gravés en creux), trépan (sculpture) (cheveux de Mars)",achat (1807),1807,"Rome (près de Santa Maria Maggiore, peu avant 1620)",Rome,"Rome (près de Santa Maria Maggiore, peu avant 1620)",,https://collections.louvre.fr/media/cache/large/0000000021/0000275212/0000624699_OG.JPG,https://collections.louvre.fr/ark:/53355/cl010275212
louvre:cl010275362,louvre,cl010275362,Antinous Mondragone,"statue (fragment, tête)","Département des Antiquités grecques, étrusques et romaines",,"Epoque / période : romain impérial

Date de création/fabrication : 2e quart IIe s. ap. J.-C. (130 - 138)","Epoque / période : romain impérial

Date de création/fabrication : 2e quart IIe s. ap. J.-C. (130 - 138)","Matériau : marbre
Technique : ronde-bosse (sculpture) (un bouchon d'encastrement est présent. Une mortaise au sommet de la tête, quatre gros trous et plusieurs petits pour fixation d'une couronne métallique sont visibles.), incrustation = incrusté (les yeux évidés étaient incrustés.)",achat (1807),1807,Monte Porzio Catone = Tusculum (villa Mondragone),Italie,Monte Porzio Catone = Tusculum (villa Mondragone),,https://collections.louvre.fr/media/cache/large/0000000021/0000275362/0000618370_OG.JPG,https://collections.louvre.fr/ark:/53355/cl010275362
louvre:cl010275364,louvre,cl010275364,statue de Marcellus,statue,"Département des Antiquités grecques, étrusques et romaines",,"Epoque / période : romain impérial

Date de création/fabrication : 1e quart Ie s. av. J.-C. (vers -20)","Epoque / période : romain impérial

Date de création/fabrication : 1e quart Ie s. av. J.-C. (vers -20)","Matériau : marbre de Paros
Technique : ronde-bosse (sculpture) (des éléments étaient rapportés sur le crâne et des traces  du port d'un caducée)",saisie révolutionnaire (1798),1798,"Rome (Esquilin, avant 1649)",Rome,"Rome (Esquilin, avant 1649)",,https://collections.louvre.fr/media/cache/large/0000000021/0000275364/0000624856_OG.JPG,https://collections.louvre.fr/ark:/53355/cl010275364
louvre:cl010275490,louvre,cl010275490,Sénèque mourant,statue,"Département des Antiquités grecques, étrusques et romaines",,"Epoque / période : romain impérial

Date de création/fabrication : 2e quart IIe s. ap. J.-C. ; 3e quart IIe s. ap. J.-C. (époque antonine d'après Gregarek) et XVIe s. ap. J.-C. ; 1e quart XVIIe s. ap. J.-C. (125 - 175 et 1585 - 1625)","Epoque / période : romain impérial

Date de création/fabrication : 2e quart IIe s. ap. J.-C. ; 3e quart IIe s. ap. J.-C. (époque antonine d'après Gregarek) et XVIe s. ap. J.-C. ; 1e quart XVIIe s. ap. J.-C. (125 - 175 et 1585 - 1625)","Matériau : marbre noir (pierre->marbre) (corps)
Matériau secondaire :  (émail. ceinture en albâtre)
Technique : ronde-bosse (sculpture)",achat (1807),1807,Rome - 1594 (Esquilin) (1594),(Italie ? Égypte ?),Rome - 1594 (Esquilin),,https://collections.louvre.fr/media/cache/large/0000000021/0000275490/0000624027_OG.JPG,https://collections.louvre.fr/ark:/53355/cl010275490
louvre:cl010275491,louvre,cl010275491,statue,statue,"Département des Antiquités grecques, étrusques et romaines",,"Epoque / période : romain impérial

Date de création/fabrication : Ie s. ap. J.-C. ; IIe s. ap. J.-C. (d'après Gregarek) (1 - 200)","Epoque / période : romain impérial

Date de création/fabrication : Ie s. ap. J.-C. ; IIe s. ap. J.-C. (d'après Gregarek) (1 - 200)","Matériau : basanite
Technique : ronde-bosse (sculpture)",saisie napoléonienne (1803),1803,Italie,Italie (?),Italie,,https://collections.louvre.fr/media/cache/original/0000000021/0000275491/0000639614_OG.JPG,https://collections.louvre.fr/ark:/53355/cl010275491
louvre:cl010276182,louvre,cl010276182,statue,statue,"Département des Antiquités grecques, étrusques et romaines",,"Epoque / période : romain impérial

Date de création/fabrication : 2e quart IIe s. ap. J.-C. (avant 138)","Epoque / période : romain impérial

Date de création/fabrication : 2e quart IIe s. ap. J.-C. (avant 138)","Matériau : marbre (tête et corps de marbres différents - marbre de Carrare (corps))
Technique : ronde-bosse (sculpture), trépan (sculpture) (boucles)",saisie napoléonienne (1803),1803,Tivoli = Tibur (villa Hadriana),Italie (?),Tivoli = Tibur (villa Hadriana),,https://collections.louvre.fr/media/cache/large/0000000021/0000276182/0001031400_OG.JPG,https://collections.louvre.fr/ark:/53355/cl010276182
louvre:cl010276237,louvre,cl010276237,Tête de Mithridate VI Eupator,"statue (fragment, tête)","Département des Antiquités grecques, étrusques et romaines",,"Epoque / période : romain impérial

Date de création/fabrication : Ie s. ap. J.-C. (1 - 100)","Epoque / période : romain impérial

Date de création/fabrication : Ie s. ap. J.-C. (1 - 100)","Matériau : marbre
Technique : ronde-bosse (sculpture), trépan (sculpture) (départ des mèches frontales)",ancien fonds,,,Italie (?),,,https://collections.louvre.fr/media/cache/large/0000000021/0000276237/0001287406_OG.JPG,https://collections.louvre.fr/ark:/53355/cl010276237
louvre:cl010276874,louvre,cl010276874,Dame d'Auxerre,statuette,"Département des Antiquités grecques, étrusques et romaines",,"Epoque / période : orientalisant ; dédalique

Date de création/fabrication : (-640 - -620)","Epoque / période : orientalisant ; dédalique

Date de création/fabrication : (-640 - -620)","Matériau : calcaire
Technique : ronde-bosse (sculpture), gravé = gravure, peinture
Précision technique : gravé(décor de la robe)-peinture rouge(traces sur le buste)",échange (1909),1909,,Éleutherne (?),,,https://collections.louvre.fr/media/cache/large/0000000021/0000276874/0001296200_OG.JPG,https://collections.louvre.fr/ark:/53355/cl010276874
louvre:cl010277053,louvre,cl010277053,Aphrodite du type de la Vénus du Capitole,groupe statuaire,"Département des Antiquités grecques, étrusques et romaines",,"Epoque / période : romain impérial

Date de création/fabrication : 3e quart IIe s. ap. J.-C. (époque antonine d'après Muthmann) (vers 160)","Epoque / période : romain impérial

Date de création/fabrication : 3e quart IIe s. ap. J.-C. (époque antonine d'après Muthmann) (vers 160)","Matériau : marbre (marbre grec (?) ; tête et corps de marbres différents)
Technique : ronde-bosse (sculpture), trépan (sculpture) (cheveux)",achat (1807),1807,Frascati = Tusculum - 1758 (Monte Compatri) (1758),Italie,Frascati = Tusculum - 1758 (Monte Compatri),,https://collections.louvre.fr/media/cache/large/0000000021/0000277053/0000621326_OG.JPG,https://collections.louvre.fr/ark:/53355/cl010277053
louvre:cl010277122,louvre,cl010277122,relief mithriaque,relief,"Département des Antiquités grecques, étrusques et romaines",,"Epoque / période : romain impérial

Date de création/fabrication : IIe s. ap. J.-C. ; IIIe s. ap. J.-C. (100 - 300)","Epoque / période : romain impérial

Date de création/fabrication : IIe s. ap. J.-C. ; IIIe s. ap. J.-C. (100 - 300)","Matériau : marbre
Technique : bas-relief (sculpture)
Précision technique : relief pivotant sur sa base",don (1939),1939,Fiano Romano - 1926 (1926),Rome,Fiano Romano - 1926,,https://collections.louvre.fr/media/cache/large/0000000021/0000277122/0000624683_OG.JPG,https://collections.louvre.fr/ark:/53355/cl010277122
louvre:cl010277123,louvre,cl010277123,Mosaïque du jugement de Pâris,mosaïque,"Département des Antiquités grecques, étrusques et romaines",,"Epoque / période : romain impérial

Date de création/fabrication : 1e moitié IIe s. ap. J.-C. (115 - 150)","Epoque / période : romain impérial

Date de création/fabrication : 1e moitié IIe s. ap. J.-C. (115 - 150)","Matériau : marbre
Matériau secondaire : calcaire, pâte de verre
Technique : tessellatum (mosaïque)
Précision technique : polychromie sur fond clair(tableau)-polychromie sur fond sombre(bordure)",affecté au Louvre (1936),1936,Antakya = Antioche sur Oronte - 1932 (maison de l'atrium) (1932),Antioche sur Oronte = Antakya (Hatay),Antakya = Antioche sur Oronte - 1932 (maison de l'atrium),,https://collections.louvre.fr/media/cache/original/0000000021/0000277123/0000594799_OG.JPG,https://collections.louvre.fr/ark:/53355/cl010277123
louvre:cl010277325,louvre,cl010277325,statue,statue,"Département des Antiquités grecques, étrusques et romaines",,"Epoque / période : archaïque

Date de création/fabrication : 3e quart VIe s. av. J.-C. (d'après Hus ; debut) (vers -550 - -540)","Epoque / période : archaïque

Date de création/fabrication : 3e quart VIe s. av. J.-C. (d'après Hus ; debut) (vers -550 - -540)","Matériau : nenfro
Technique : ronde-bosse (sculpture)",achat (1975),1975,Vulci (Canino) (?),Vulci,Vulci (Canino) (?),,https://collections.louvre.fr/media/cache/large/0000000021/0000277325/0000628619_OG.JPG,https://collections.louvre.fr/ark:/53355/cl010277325
louvre:cl010277627,louvre,cl010277627,Vénus de Milo,statue,"Département des Antiquités grecques, étrusques et romaines",,"Epoque / période : hellénistique

Date de création/fabrication : 3e quart IIe s. av. J.-C. (-150 - -125)","Epoque / période : hellénistique

Date de création/fabrication : 3e quart IIe s. av. J.-C. (-150 - -125)","Matériau : marbre de Paros (lychnites)
Technique : ronde-bosse (sculpture) (Elle est composée de deux éléments joints au niveau des hanches. Le bras gauche était rapporté (présence d'une mortaise). Des éléments en bronze étaient rapportés : présence de trous pour un diadème, et un bracelet au bras droit.)",don (1821),1821,Mélos (Milo) - 1820 (1820),Mélos = Milo (?),Mélos (Milo) - 1820,,https://collections.louvre.fr/media/cache/large/0000000021/0000277627/0000625031_OG.JPG,https://collections.louvre.fr/ark:/53355/cl010277627
louvre:cl010277962,louvre,cl010277962,"Portrait en hermès d'Alexandre, dit ""Alexandre Azara""","statue (fragment, tête)","Département des Antiquités grecques, étrusques et romaines",,"Epoque / période : romain impérial

Date de création/fabrication : 1e moitié Ie s. ap. J.-C. (1 - 50)","Epoque / période : romain impérial

Date de création/fabrication : 1e moitié Ie s. ap. J.-C. (1 - 50)","Matériau : marbre du Pentélique
Technique : ronde-bosse (sculpture)",don (1803),1803,Tivoli = Tibur - 1779 (villa des Pisons) (1779),Italie,Tivoli = Tibur - 1779 (villa des Pisons),,https://collections.louvre.fr/media/cache/large/0000000021/0000277962/0001132522_OG.JPG,https://collections.louvre.fr/ark:/53355/cl010277962
louvre:cl010277986,louvre,cl010277986,Vénus d'Arles,statue,"Département des Antiquités grecques, étrusques et romaines",,"Epoque / période : romain impérial

Date de création/fabrication : 4e quart Ie s. av. J.-C. (?) (d'après Vierneisel-Schloerb) (-25 - 0)","Epoque / période : romain impérial

Date de création/fabrication : 4e quart Ie s. av. J.-C. (?) (d'après Vierneisel-Schloerb) (-25 - 0)","Matériau : marbre de l'Hymette
Technique : ronde-bosse (sculpture) (des traces sur le devant du ruban laissent supposer la présence d'un élément rapporté sans certitude cependant)",saisie révolutionnaire (1798),1798,Arles = Arelatum - 1651 (théâtre) (1651),Gaule narbonnaise (?),Arles = Arelatum - 1651 (théâtre),,https://collections.louvre.fr/media/cache/large/0000000021/0000277986/0000621357_OG.JPG,https://collections.louvre.fr/ark:/53355/cl010277986
louvre:cl010277994,louvre,cl010277994,Portrait d'Homère,"statue (fragment, tête)","Département des Antiquités grecques, étrusques et romaines",,"Epoque / période : romain impérial

Date de création/fabrication : IIe s. ap. J.-C. (?) (100 - 200)","Epoque / période : romain impérial

Date de création/fabrication : IIe s. ap. J.-C. (?) (100 - 200)","Matériau : marbre du Pentélique
Technique : ronde-bosse (sculpture)",saisie napoléonienne (1798),1798,"Rome - 1704 (via Merulana, jardins de Mécène) (1704)",Rome (?),"Rome - 1704 (via Merulana, jardins de Mécène)",,https://collections.louvre.fr/media/cache/large/0000000021/0000277994/0000625036_OG.JPG,https://collections.louvre.fr/ark:/53355/cl010277994
louvre:cl010278007,louvre,cl010278007,vase de Sosibios,cratère,"Département des Antiquités grecques, étrusques et romaines",,"Epoque / période : hellénistique ; style archaïsant ; style classicisant

Date de création/fabrication : 2e quart Ie s. av. J.-C. ; 3e quart Ie s. av. J.-C. (fin ; debut) (vers -50)","Epoque / période : hellénistique ; style archaïsant ; style classicisant

Date de création/fabrication : 2e quart Ie s. av. J.-C. ; 3e quart Ie s. av. J.-C. (fin ; debut) (vers -50)","Matériau : marbre du Pentélique
Technique : bas-relief (sculpture), gravé = gravure (carquois, patte du cuissot)",saisie révolutionnaire (1797),1797,Italie (?),Attique,Italie (?),,https://collections.louvre.fr/media/cache/large/0000000021/0000278007/0000618181_OG.JPG,https://collections.louvre.fr/ark:/53355/cl010278007
louvre:cl010278203,louvre,cl010278203,Pallas de Velletri,statue,"Département des Antiquités grecques, étrusques et romaines",,"Epoque / période : romain impérial

Date de création/fabrication : Ie s. ap. J.-C. (d'après Mathiopoulos) (1 - 100)","Epoque / période : romain impérial

Date de création/fabrication : Ie s. ap. J.-C. (d'après Mathiopoulos) (1 - 100)","Matériau : marbre de Thasos ((pour les parties antiques, marbre de Carrare pour les restitutions))
Technique : ronde-bosse (sculpture), peinture (traces de peinture rouge sur les yeux et les lèvres)
Précision technique : éléments rapportés (la tête et le cou, le bras droit et l'avant bras gauche)",achat (1803),1803,Velletri - 1797 (Troncavia) (1797),Italie,Velletri - 1797 (Troncavia),,https://collections.louvre.fr/media/cache/large/0000000021/0000278203/0001129451_OG.JPG,https://collections.louvre.fr/ark:/53355/cl010278203
louvre:cl010278706,louvre,cl010278706,Gladiateur Borghèse,statue,"Département des Antiquités grecques, étrusques et romaines",,"Epoque / période : hellénistique

Date de création/fabrication : 4e quart IIe s. av. J.-C. ; 1e quart Ie s. av. J.-C. (fin ; debut) (vers -100)","Epoque / période : hellénistique

Date de création/fabrication : 4e quart IIe s. av. J.-C. ; 1e quart Ie s. av. J.-C. (fin ; debut) (vers -100)","Matériau : marbre du Pentélique
Technique : ronde-bosse (sculpture) (monolithe)",achat (1807),1807,Anzio = Antium,Grèce (?),Anzio = Antium,,https://collections.louvre.fr/media/cache/large/0000000021/0000278706/0000755582_OG.JPG,https://collections.louvre.fr/ark:/53355/cl010278706
louvre:cl010278726,louvre,cl010278726,Diane de Gabies,statue,"Département des Antiquités grecques, étrusques et romaines",,Epoque / période : romain impérial,Epoque / période : romain impérial,"Matériau : marbre de Paros
Technique : ronde-bosse (sculpture)",achat (1807),1807,Gabies - 1792 (1792),Italie,Gabies - 1792,,https://collections.louvre.fr/media/cache/large/0000000021/0000278726/0001303335_OG.JPG,https://collections.louvre.fr/ark:/53355/cl010278726
louvre:cl010278738,louvre,cl010278738,Athéna Mattéi,statue,"Département des Antiquités grecques, étrusques et romaines",,"Epoque / période : romain républicain (?) ; romain impérial (?)

Date de création/fabrication : 4e quart IIe s. av. J.-C. (?) ; 1e quart Ie s. av. J.-C. (?) ; 2e quart IIe s. ap. J.-C. (?) (d'après Waywell, époque antonine d'après Schefold) (vers -130 - -90)","Epoque / période : romain républicain (?) ; romain impérial (?)

Date de création/fabrication : 4e quart IIe s. av. J.-C. (?) ; 1e quart Ie s. av. J.-C. (?) ; 2e quart IIe s. ap. J.-C. (?) (d'après Waywell, époque antonine d'après Schefold) (vers -130 - -90)","Matériau : marbre de Paros
Technique : ronde-bosse (sculpture), bas-relief (sculpture) (décor du casque)",achat (1824),1824,Italie,Italie (?),Italie,,https://collections.louvre.fr/media/cache/large/0000000021/0000278738/0000624677_OG.JPG,https://collections.louvre.fr/ark:/53355/cl010278738
louvre:cl010278930,louvre,cl010278930,Diane de Versailles,statue,"Département des Antiquités grecques, étrusques et romaines",,"Epoque / période : romain impérial

Date de création/fabrication : 2e quart IIe s. ap. J.-C. (?) (époque d'Hadrien ?) (125 - 150)","Epoque / période : romain impérial

Date de création/fabrication : 2e quart IIe s. ap. J.-C. (?) (époque d'Hadrien ?) (125 - 150)","Matériau : marbre (marbre grec(?))
Technique : ronde-bosse (sculpture), trépan (sculpture) (cheveux)",saisie révolutionnaire (1798),1798,,Italie,,,https://collections.louvre.fr/media/cache/large/0000000021/0000278930/0000625391_OG.JPG,https://collections.louvre.fr/ark:/53355/cl010278930
louvre:cl010279000,louvre,cl010279000,Korè de Samos,statue,"Département des Antiquités grecques, étrusques et romaines",,"Epoque / période : archaïque

Date de création/fabrication : 2e quart VIe s. av. J.-C. (vers -570 - -560)","Epoque / période : archaïque

Date de création/fabrication : 2e quart VIe s. av. J.-C. (vers -570 - -560)","Matériau : marbre
Technique : ronde-bosse (sculpture)",achat (1881),1881,Samos - 1875 (héraion) (1875),Samos,Samos - 1875 (héraion),,https://collections.louvre.fr/media/cache/large/0000000021/0000279000/0001351963_OG.JPG,https://collections.louvre.fr/ark:/53355/cl010279000
louvre:cl010279013,louvre,cl010279013,Stèle funéraire de l'exaltation de la fleur,stèle (fragment),"Département des Antiquités grecques, étrusques et romaines",,"Epoque / période : classique

Date de création/fabrication : 2e quart Ve s. av. J.-C. (vers -470 - -460)","Epoque / période : classique

Date de création/fabrication : 2e quart Ve s. av. J.-C. (vers -470 - -460)","Matériau : marbre
Technique : bas-relief (sculpture) (Le revers est très soigneusement dressé.)",affecté au Louvre (1861),1861,Pharsale,Pharsale,Pharsale,,https://collections.louvre.fr/media/cache/large/0000000021/0000279013/0000621424_OG.JPG,https://collections.louvre.fr/ark:/53355/cl010279013
louvre:cl010279027,louvre,cl010279027,"Métope du temple de Zeus à Olympie, Héraclès et le taureau de Crète",métope,"Département des Antiquités grecques, étrusques et romaines",,"Epoque / période : classique

Date de création/fabrication : 2e quart Ve s. av. J.-C. (vers -460)","Epoque / période : classique

Date de création/fabrication : 2e quart Ve s. av. J.-C. (vers -460)","Matériau : marbre de Paros
Technique : haut-relief (sculpture), peinture (peinture rouge, des traces sur le corps du taureau)",donation (1830),1830,Olympie - 1829 (temple de Zeus) (1829),Olympie,Olympie - 1829 (temple de Zeus),,https://collections.louvre.fr/media/cache/original/0000000021/0000279027/0000926786_OG.JPG,https://collections.louvre.fr/ark:/53355/cl010279027
louvre:cl010279145,louvre,cl010279145,Portrait de Ptolémée Ier,"statue (fragment, tête)","Département des Antiquités grecques, étrusques et romaines",,"Epoque / période : hellénistique

Date de création/fabrication : IIIe s. av. J.-C. (d'après M. Hamiaux et F. Queyrel) (-300 - -200)","Epoque / période : hellénistique

Date de création/fabrication : IIIe s. av. J.-C. (d'après M. Hamiaux et F. Queyrel) (-300 - -200)","Matériau : marbre de Paros
Technique : ronde-bosse (sculpture) (à l'origine, vraisemblablement l'ensemble du crâne était complété en stuc)",don,,Alexandrie (?),Égypte (?) ; Proche-Orient (?),Alexandrie (?),,https://collections.louvre.fr/media/cache/large/0000000021/0000279145/0000827477_OG.JPG,https://collections.louvre.fr/ark:/53355/cl010279145
louvre:cl010279157,louvre,cl010279157,Cratère Borghèse,cratère,"Département des Antiquités grecques, étrusques et romaines",,"Epoque / période : hellénistique

Date de création/fabrication : 3e quart Ie s. av. J.-C. (vers -40 - -30)","Epoque / période : hellénistique

Date de création/fabrication : 3e quart Ie s. av. J.-C. (vers -40 - -30)","Matériau : marbre du Pentélique
Technique : bas-relief (sculpture), haut-relief (sculpture)",achat (1807),1807,Rome - 1569 (jardins de Salluste) (1569),Athènes (?),Rome - 1569 (jardins de Salluste),,https://collections.louvre.fr/media/cache/large/0000000021/0000279157/0000624779_OG.JPG,https://collections.louvre.fr/ark:/53355/cl010279157
louvre:cl010279164,louvre,cl010279164,Arès Borghèse,statue,"Département des Antiquités grecques, étrusques et romaines",,"Epoque / période : romain impérial

Date de création/fabrication : 1e quart Ie s. av. J.-C. ; 2e quart Ie s. ap. J.-C. (-100 - 50)","Epoque / période : romain impérial

Date de création/fabrication : 1e quart Ie s. av. J.-C. ; 2e quart Ie s. ap. J.-C. (-100 - 50)","Matériau : marbre
Technique : ronde-bosse (sculpture), bas-relief (sculpture) (décor du casque)",achat (1807),1807,Rome (?) (au XVIe s.),Rome (?),Rome (?) (au XVIe s.),,https://collections.louvre.fr/media/cache/large/0000000021/0000279164/0000628074_OG.JPG,https://collections.louvre.fr/ark:/53355/cl010279164
louvre:cl010279835,louvre,cl010279835,amphore,amphore,"Département des Antiquités grecques, étrusques et romaines",,"Epoque / période : classique ; figures noires

Date de création/fabrication : 4e quart IVe s. av. J.-C. (-323 - -322)","Epoque / période : classique ; figures noires

Date de création/fabrication : 4e quart IVe s. av. J.-C. (-323 - -322)","Matériau : argile
Technique : peinture brillante (peinture), incisé = incision, rehaut blanc (peinture->rehaut) (chairs d'Athéna, parties de son chiton, de son himation et du Gorgoneion, bouclier), figures noires (céramique)
Précision technique : coup de feu sur une partie de la face A, les anses et la partie intérieure du col",achat (1851),1851,Benghazi = Béreniké,Athènes,Benghazi = Béreniké,,https://collections.louvre.fr/media/cache/large/0000000021/0000279835/0000617763_OG.JPG,https://collections.louvre.fr/ark:/53355/cl010279835
louvre:cl010279836,louvre,cl010279836,amphore,amphore,"Département des Antiquités grecques, étrusques et romaines",,"Epoque / période : classique ; figures noires

Date de création/fabrication : 4e quart IVe s. av. J.-C. (-321 - -320)","Epoque / période : classique ; figures noires

Date de création/fabrication : 4e quart IVe s. av. J.-C. (-321 - -320)","Matériau : argile
Technique : peinture brillante (peinture), incisé = incision, rehaut blanc (peinture->rehaut) (chairs d'Athéna, décor du chiton, Gorgoneion), figures noires (céramique)
Précision technique : coup de feu sur l'embouchure",achat (1851),1851,Benghazi = Béreniké,Athènes,Benghazi = Béreniké,,https://collections.louvre.fr/media/cache/large/0000000021/0000279836/0000925933_OG.JPG,https://collections.louvre.fr/ark:/53355/cl010279836
louvre:cl010280589,louvre,cl010280589,amphore,amphore,"Département des Antiquités grecques, étrusques et romaines",,"Epoque / période : classique ; figures noires

Date de création/fabrication : 4e quart IVe s. av. J.-C. (d'après l'inscription) (vers -324 - -323)","Epoque / période : classique ; figures noires

Date de création/fabrication : 4e quart IVe s. av. J.-C. (d'après l'inscription) (vers -324 - -323)","Matériau : argile
Technique : peinture brillante (peinture), incisé = incision, rehaut blanc (peinture->rehaut) (chairs, Gorgoneion et décor de l'himation d'Athéna), figures noires (céramique)",achat (1881),1881,Benghazi = Béreniké (?) ; Lesbos (?),Athènes,Benghazi = Béreniké (?) ; Lesbos (?),,https://collections.louvre.fr/media/cache/large/0000000021/0000280589/0000828386_OG.JPG,https://collections.louvre.fr/ark:/53355/cl010280589
louvre:cl010281955,louvre,cl010281955,"il Moro, le Maure",statue,"Département des Antiquités grecques, étrusques et romaines",,"Epoque / période : romain impérial ; époque moderne

Date de création/fabrication : 1e quart XVIIe s. ap. J.-C. (1600 - 1625)","Epoque / période : romain impérial ; époque moderne

Date de création/fabrication : 1e quart XVIIe s. ap. J.-C. (1600 - 1625)","Matériau : marbre noir (pierre->marbre) (Nero Antico : tête, haut du torse, bras et jambes ; Rosso Antico : baudrier ; Giallo Antico : Endromides)
Matériau secondaire : albâtre (tunique)",achat (1808),1808,"Rome (via Appia, Capo di Bovo, avant 1613)",Rome,"Rome (via Appia, Capo di Bovo, avant 1613)",,https://collections.louvre.fr/media/cache/large/0000000021/0000281955/0000772788_OG.JPG,https://collections.louvre.fr/ark:/53355/cl010281955
louvre:cl010298047,louvre,cl010298047,Sarcophage des époux,couvercle de sarcophage (?) ; couvercle d'urne (?),"Département des Antiquités grecques, étrusques et romaines",,"Epoque / période : archaïque

Date de création/fabrication : 4e quart VIe s. av. J.-C. (vers -520 - -510)","Epoque / période : archaïque

Date de création/fabrication : 4e quart VIe s. av. J.-C. (vers -520 - -510)","Matériau : argile (argile rouge)
Technique : moulé, modelé, peinture (homme (chairs rouges, yeux rose clair, sourcils, barbe, moustache noirs, chevelure en engobe jaune clair, ongles blancs, draperie orange) ; 2 trous au revers du coussin ; femme (chairs blanches, yeux blancs, chevelure noire, décor du bonnet rouge à contour noir, traces de rouge au revers de la tête, tunique orange à bordures brunes, chaussures rouges et bord de semelles blanc, collier orange) ; 2 trous sur les oreilles ; peinture rouge foncé (coussins rouge) ; peinture brun foncé (bandes de la couverture)), engobe
Précision technique : fait en 2 parties ; revers sommairement traité",achat (1861),1861,Cerveteri = Caeré - 1845_1846 (nécropole de la Banditaccia) (1845_1846),Caeré = Cerveteri,Cerveteri = Caeré - 1845_1846 (nécropole de la Banditaccia),,https://collections.louvre.fr/media/cache/large/0000000021/0000298047/0000627421_OG.JPG,https://collections.louvre.fr/ark:/53355/cl010298047
louvre:cl010302825,louvre,cl010302825,Les soldats prétoriens,relief,"Département des Antiquités grecques, étrusques et romaines",,"Epoque / période : romain impérial

Date de création/fabrication : 3e quart Ie s. ap. J.-C. (d'après ""Rome la cité et l'empire"") (bibliographie/travail de référence) (vers 51 - 52)","Epoque / période : romain impérial

Date de création/fabrication : 3e quart Ie s. ap. J.-C. (d'après ""Rome la cité et l'empire"") (bibliographie/travail de référence) (vers 51 - 52)",Matériau : marbre,,,"Rome (Via Flamina, arc de Claude)",Rome,"Rome (Via Flamina, arc de Claude)",,https://collections.louvre.fr/media/cache/large/0000000021/0000302825/0000827551_OG.JPG,https://collections.louvre.fr/ark:/53355/cl010302825
louvre:cl010303464,louvre,cl010303464,Sarcophage de la Traditio Legis,sarcophage,Département des Arts de Byzance et des chrétientés en Orient,,"Epoque / période : antiquité tardive ; chrétien

Date de création/fabrication : 4e quart IVe s. ap. J.-C. (fin) (390 - 400)","Epoque / période : antiquité tardive ; chrétien

Date de création/fabrication : 4e quart IVe s. ap. J.-C. (fin) (390 - 400)","Matériau : marbre
Technique : haut-relief (sculpture), bas-relief (sculpture), trépan (sculpture) (yeux, rinceau sur plinthe, décor architectural, chapiteaux, cheveux du fleuve), piquetage = piqueté (sculpture) (cheveux des apôtres sur devant)
Précision technique : piquetage(cheveux des apôtres sur devant)",achat (1807),1807,"Rome (mausolée des Anici près de la basilique Saint Pierre, au milieu du XVe s.)",Rome,"Rome (mausolée des Anici près de la basilique Saint Pierre, au milieu du XVe s.)",,https://collections.louvre.fr/media/cache/large/0000000021/0000303464/0000827947_OG.JPG,https://collections.louvre.fr/ark:/53355/cl010303464
louvre:cl010304569,louvre,cl010304569,Le passage des Théores - Hermès Agoraios,relief architectural ; bloc de parement,"Département des Antiquités grecques, étrusques et romaines",,"Epoque / période : archaïque ; tardif

Date de création/fabrication : 1e quart Ve s. av. J.-C. (avant -480)","Epoque / période : archaïque ; tardif

Date de création/fabrication : 1e quart Ve s. av. J.-C. (avant -480)","Matériau : marbre
Technique : bas-relief (sculpture)
Précision technique : revers laissé à l'état de bloc sauf bordure vers le centre-éléments rapportés(traces,perles des couronnes,fibule de la chlamyde,partie du caducée)",affecté au Louvre (1865),1865,Thasos - 1864 (passage des Théores) (1864),Thasos,Thasos - 1864 (passage des Théores),,https://collections.louvre.fr/media/cache/large/0000000021/0000304569/0000621418_OG.JPG,https://collections.louvre.fr/ark:/53355/cl010304569
louvre:cl010304570,louvre,cl010304570,Le passage des Théores - les Charites,relief architectural ; bloc de parement,"Département des Antiquités grecques, étrusques et romaines",,"Epoque / période : archaïque ; tardif

Date de création/fabrication : 1e quart Ve s. av. J.-C. (avant -480)","Epoque / période : archaïque ; tardif

Date de création/fabrication : 1e quart Ve s. av. J.-C. (avant -480)","Matériau : marbre
Technique : bas-relief (sculpture) (le revers est  laissé à l'état de bloc sauf la bordure vers le centre. Des éléments étaient  rapportés des traces au niveau des perles des couronnes, de fibule de la chlamyde, d'une partie du caducée)",affecté au Louvre (1865),1865,Thasos - 1864 (passage des Théores) (1864),Thasos,Thasos - 1864 (passage des Théores),,https://collections.louvre.fr/media/cache/large/0000000021/0000304570/0000621422_OG.JPG,https://collections.louvre.fr/ark:/53355/cl010304570
louvre:cl010304580,louvre,cl010304580,Hercule luttant contre le triple Géryon,métope (fragment),"Département des Antiquités grecques, étrusques et romaines",,"Epoque / période : classique

Date de création/fabrication : 2e quart Ve s. av. J.-C. (vers -460)","Epoque / période : classique

Date de création/fabrication : 2e quart Ve s. av. J.-C. (vers -460)","Matériau : marbre de Paros
Technique : haut-relief (sculpture)",donation (1830),1830,Olympie - 1829 (temple de Zeus) (1829),Olympie,Olympie - 1829 (temple de Zeus),,https://collections.louvre.fr/media/cache/original/0000000021/0000304580/0000926796_OG.JPG,https://collections.louvre.fr/ark:/53355/cl010304580
louvre:cl010304581,louvre,cl010304581,Hercule luttant contre le triple Géryon,métope (fragment),"Département des Antiquités grecques, étrusques et romaines",,"Epoque / période : classique

Date de création/fabrication : 2e quart Ve s. av. J.-C. (vers -460)","Epoque / période : classique

Date de création/fabrication : 2e quart Ve s. av. J.-C. (vers -460)","Matériau : marbre de Paros
Technique : haut-relief (sculpture)",donation (1830),1830,Olympie - 1829 (temple de Zeus) (1829),Olympie,Olympie - 1829 (temple de Zeus),,https://collections.louvre.fr/media/cache/original/0000000021/0000304581/0000926795_OG.JPG,https://collections.louvre.fr/ark:/53355/cl010304581
louvre:cl010304582,louvre,cl010304582,Hercule luttant contre le triple Géryon,métope (fragment),"Département des Antiquités grecques, étrusques et romaines",,"Epoque / période : classique

Date de création/fabrication : 2e quart Ve s. av. J.-C. (vers -460)","Epoque / période : classique

Date de création/fabrication : 2e quart Ve s. av. J.-C. (vers -460)","Matériau : marbre de Paros
Technique : haut-relief (sculpture)",donation (1830),1830,Olympie - 1829 (temple de Zeus) (1829),Olympie,Olympie - 1829 (temple de Zeus),,https://collections.louvre.fr/media/cache/large/0000000021/0000304582/0000820140_OG.JPG,https://collections.louvre.fr/ark:/53355/cl010304582
louvre:cl010304645,louvre,cl010304645,Autel de Domitius Ahenobarbus,relief architectural,"Département des Antiquités grecques, étrusques et romaines",,"Epoque / période : romain républicain

Date de création/fabrication : 2e moitié IIe s. av. J.-C. (vers -150 - -100)","Epoque / période : romain républicain

Date de création/fabrication : 2e moitié IIe s. av. J.-C. (vers -150 - -100)","Matériau : marbre de Paros (Lychnites, panneaux 1 et 3 - Chorodaki, panneau 2)
Technique : bas-relief (sculpture), haut-relief (sculpture)",achat (1824),1824,"Rome (champ de Mars, autel de Domitius Ahenobarbus)",Rome,"Rome (champ de Mars, autel de Domitius Ahenobarbus)",,https://collections.louvre.fr/media/cache/large/0000000021/0000304645/0000624733_OG.JPG,https://collections.louvre.fr/ark:/53355/cl010304645
louvre:cl010315030,louvre,cl010315030,Félin poids de tapis (?),Poids de tapis (Objet divers),Département des Arts de l'Islam,,Date de création/fabrication : XIIe siècle ; 1er quart du XIIIe siècle (1150 - 1220),Date de création/fabrication : XIIe siècle ; 1er quart du XIIIe siècle (1150 - 1220),"Matériau : Laiton (Métal), Plomb (Métal)
Matériau/Technique : Métal (laiton au plomb) coulé, décor ajouré, limé, ciselé et incrusté de pâte noire et de cuivre",legs (31/03/1938),1938,,,,Herat (Monde iranien - Caucase->Afghanistan),https://collections.louvre.fr/media/cache/large/0000000021/0000315030/0000668881_OG.JPG,https://collections.louvre.fr/ark:/53355/cl010315030
louvre:cl010315035,louvre,cl010315035,Vantail à décor de polygones,"Vantail (Élément d'architecture, décor intérieur et extérieur, huisserie->Élément d'architecture->Porte)",Département des Arts de l'Islam,,Date de création/fabrication : 2ème moitié du XVe siècle ; XVIe siècle (1450 - 1600),Date de création/fabrication : 2ème moitié du XVe siècle ; XVIe siècle (1450 - 1600),"Matériau : Bois
Matériau/Technique : Bois (noyer = juglans regia), décor peint et doré sur enduit",achat (05/07/1938),1938,,,,Espagne (Europe occidentale),https://collections.louvre.fr/media/cache/large/0000000021/0000315035/0001163701_OG.JPG,https://collections.louvre.fr/ark:/53355/cl010315035
louvre:cl010315397,louvre,cl010315397,Plat à inscription rayonnante,"Plat (Vase, récipient)",Département des Arts de l'Islam,,Date de création/fabrication : 4ème quart du Xe siècle (975 - 1000),Date de création/fabrication : 4ème quart du Xe siècle (975 - 1000),"Matériau : Céramique
Matériau/Technique : Céramique (pâte argileuse), décor d'engobe sur engobe sous glaçure transparente",don (28/02/1935),1935,,,,Samarcande (Monde iranien - Caucase->Ouzbékistan),https://collections.louvre.fr/media/cache/large/0000000021/0000315397/0000661084_OG.JPG,https://collections.louvre.fr/ark:/53355/cl010315397
louvre:cl010318669,louvre,cl010318669,Aiguière,"Aiguière / Aquamanile (Vase, récipient->Verseuse)",Département des Arts de l'Islam,,Date de création/fabrication : 1ère moitié du XIIIe siècle (1200 - 1250),Date de création/fabrication : 1ère moitié du XIIIe siècle (1200 - 1250),"Matériau : Métal
Matériau/Technique : Métal (alliage de cuivre) martelé, décor repoussé, gravé, incrusté d'argent et de cuivre gravés",legs (13/11/1931),1931,,Mossoul (Proche-Orient arabe->Irak) (Jezireh),,,https://collections.louvre.fr/media/cache/large/0000000021/0000318669/0000661007_OG.JPG,https://collections.louvre.fr/ark:/53355/cl010318669
louvre:cl010318774,louvre,cl010318774,"Bassin dit ""Baptistère de Saint Louis""","Bassin (Vase, récipient)",Département des Arts de l'Islam,,Date de création/fabrication : 2ème quart du XIVe siècle (1325 - 1340),Date de création/fabrication : 2ème quart du XIVe siècle (1325 - 1340),"Matériau : Métal
Matériau/Technique : Métal (laiton) martelé, décor gravé, incrusté d'argent regravé et d'or",versement (26/01/1793),1793,,,,Égypte (Proche-Orient arabe) (?) ; Syrie (Proche-Orient arabe) (?),https://collections.louvre.fr/media/cache/large/0000000021/0000318774/0000660923_OG.JPG,https://collections.louvre.fr/ark:/53355/cl010318774
louvre:cl010318915,louvre,cl010318915,Carreau hexagonal à inscription funéraire poétique,"Carreau de revêtement (Élément d'architecture, décor intérieur et extérieur, huisserie->Décor architectural)",Département des Arts de l'Islam,,Date de création/fabrication : XVe siècle (1400 - 1500),Date de création/fabrication : XVe siècle (1400 - 1500),"Matériau : Céramique
Matériau/Technique : Céramique (pâte siliceuse), décor peint sous glaçure transparente colorée",versement (2002),2002,,,,Iran (Monde iranien - Caucase),https://collections.louvre.fr/media/cache/large/0000000021/0000318915/0000656311_OG.JPG,https://collections.louvre.fr/ark:/53355/cl010318915
louvre:cl010319015,louvre,cl010319015,Coffre à décor floral,"Coffre (Mobilier) ; Coffret (Accessoire personnel, boîte, étui)",Département des Arts de l'Islam,,Date de création/fabrication : 2ème moitié du XVIIe siècle (1650 - 1700),Date de création/fabrication : 2ème moitié du XVIIe siècle (1650 - 1700),"Matériau : Ébène (Bois), Teck (Bois), Ivoire (Matériau d'origine animale) (probablement ivoire de morse ""Odobenus rosmarus"" et ivoire d'éléphant ""Elephantidae""pour les boutons des tiroirs, 2025), Os (Matériau d'origine animale) (probablement espèce domestique ""Camelus dromedarius"", 2025)
Matériau/Technique : âme de bois, placage de teck, d'ébène et d'ivoire gravé, mastic, serrure et clef modernes",achat (18/01/1996),1996,,,,Gujarat (état) (Sous-continent indien->Inde) (?) ; Sind (province) (Sous-continent indien->Pakistan) (?),https://collections.louvre.fr/media/cache/large/0000000021/0000319015/0000661025_OG.JPG,https://collections.louvre.fr/ark:/53355/cl010319015
louvre:cl010319120,louvre,cl010319120,Aiguière,"Aiguière / Aquamanile (Vase, récipient->Verseuse)",Département des Arts de l'Islam,,Date de création/fabrication : 2ème moitié du XIIe siècle ; 1er quart du XIIIe siècle (1150 - 1220),Date de création/fabrication : 2ème moitié du XIIe siècle ; 1er quart du XIIIe siècle (1150 - 1220),"Matériau : Laiton (Métal), Plomb (Métal)
Matériau/Technique : Métal (laiton au plomb) coulé, décor ciselé, champlevé et incrusté de pâte noire",achat (07/12/2000),2000,,,,Afghanistan (Monde iranien - Caucase),https://collections.louvre.fr/media/cache/large/0000000021/0000319120/0000666570_OG.JPG,https://collections.louvre.fr/ark:/53355/cl010319120
louvre:cl010319251,louvre,cl010319251,Moule à estamper,Moule et élément pour estamper (Équipement pour l'artisanat et l'industrie),Département des Arts de l'Islam,,Date de création/fabrication : 4ème quart du XIIe siècle ; 1er quart du XIIIe siècle (1185 - 1215),Date de création/fabrication : 4ème quart du XIIe siècle ; 1er quart du XIIIe siècle (1185 - 1215),"Matériau : Pierre
Matériau/Technique : Pierre (stéatite), décor incisé et taillé",achat en vente publique (2003),2003,,,,Iran (Monde iranien - Caucase) (Khurasan),https://collections.louvre.fr/media/cache/large/0000000021/0000319251/0000666685_OG.JPG,https://collections.louvre.fr/ark:/53355/cl010319251
louvre:cl010320000,louvre,cl010320000,Tête de cheval,"Sculpture ; Statue, statuette, figurine",Département des Arts de l'Islam,,,,"Matériau : Pierre
Matériau/Technique : Pierre",legs (27/01/1955),1955,,,,Turquie (Asie Mineure et Europe orientale) (?) (Anatolie),https://collections.louvre.fr/media/cache/large/0000000021/0000320000/0000651685_OG.JPG,https://collections.louvre.fr/ark:/53355/cl010320000
louvre:cl010320064,louvre,cl010320064,Coupe à décor épigraphique,"Coupe (Vase, récipient)",Département des Arts de l'Islam,,Date de création/fabrication : 4ème quart du XIIe siècle ; 1er quart du XIIIe siècle (1185 - 1225),Date de création/fabrication : 4ème quart du XIIe siècle ; 1er quart du XIIIe siècle (1185 - 1225),"Matériau : Céramique
Matériau/Technique : Céramique (pâte siliceuse), décor de lustre métallique sur glaçure transparente, rehauts de couleur",legs (02/02/1961),1961,,,,Syrie (Proche-Orient arabe) (Zone nord),https://collections.louvre.fr/media/cache/large/0000000021/0000320064/0000652105_OG.JPG,https://collections.louvre.fr/ark:/53355/cl010320064
louvre:cl010320094,louvre,cl010320094,Grande coupe au cavalier,"Coupe (Vase, récipient)",Département des Arts de l'Islam,,Date de création/fabrication : Xe siècle ; XIe siècle (900 - 1100),Date de création/fabrication : Xe siècle ; XIe siècle (900 - 1100),"Matériau : Céramique
Matériau/Technique : Céramique (pâte argileuse), décor peint sur engobe sous glaçure transparente",don (05/03/1962),1962,,,,Nishapur (Monde iranien - Caucase->Iran),https://collections.louvre.fr/media/cache/large/0000000021/0000320094/0000661090_OG.JPG,https://collections.louvre.fr/ark:/53355/cl010320094
louvre:cl010320100,louvre,cl010320100,Tête de félin,"Sculpture ; Statue, statuette, figurine",Département des Arts de l'Islam,,Date de création/fabrication : XIe siècle ; XIIe siècle (1000 - 1200),Date de création/fabrication : XIe siècle ; XIIe siècle (1000 - 1200),"Matériau : Pierre
Matériau/Technique : Pierre (stéatite), décor sculpté, ajouré et gravé",achat (1962),1962,,,,Iran (Monde iranien - Caucase) (Khurasan),https://collections.louvre.fr/media/cache/large/0000000021/0000320100/0000645542_OG.JPG,https://collections.louvre.fr/ark:/53355/cl010320100
louvre:cl010320104,louvre,cl010320104,Cadenas en forme de cheval,"Cadenas (Serrurerie, ferronnerie)",Département des Arts de l'Islam,,Date de création/fabrication : XIIe siècle ; XIIIe siècle (1100 - 1300),Date de création/fabrication : XIIe siècle ; XIIIe siècle (1100 - 1300),"Matériau : Cuivre (Métal)
Matériau/Technique : Métal (cuivre à fort plomb) moulé, décor ciselé, champlevé, traces d'incrustations d'argent",don (07/02/1963),1963,,,,Iran (Monde iranien - Caucase) ;  (Khorasan),https://collections.louvre.fr/media/cache/large/0000000021/0000320104/0000666535_OG.JPG,https://collections.louvre.fr/ark:/53355/cl010320104
louvre:cl010320125,louvre,cl010320125,Plat tripode au cavalier ailé,"Plat (Vase, récipient)",Département des Arts de l'Islam,,Date de création/fabrication : XIe siècle ; XIIe siècle (1000 - 1200),Date de création/fabrication : XIe siècle ; XIIe siècle (1000 - 1200),"Matériau : Céramique
Matériau/Technique : Céramique (pâte argileuse), décor peint sur engobe sous glaçure transparente",achat (02/05/1968),1968,,,,Astara (Monde iranien - Caucase->Iran) (?) ; Iran (Monde iranien - Caucase) (Khurasan),https://collections.louvre.fr/media/cache/large/0000000021/0000320125/0000665243_OG.JPG,https://collections.louvre.fr/ark:/53355/cl010320125
louvre:cl010320160,louvre,cl010320160,Aiguière à tête de coq,"Aiguière / Aquamanile (Vase, récipient->Verseuse)",Département des Arts de l'Islam,,Date de création/fabrication : XIIIe siècle (1200 - 1300),Date de création/fabrication : XIIIe siècle (1200 - 1300),"Matériau : Céramique
Matériau/Technique : Céramique (pâte siliceuse), décor ajouré, gravé et peint sous glaçure transparente colorée",don (1970),1970,,,,Iran (Monde iranien - Caucase),https://collections.louvre.fr/media/cache/large/0000000021/0000320160/0000660985_OG.JPG,https://collections.louvre.fr/ark:/53355/cl010320160
louvre:cl010320677,louvre,cl010320677,Fond de coupe au cavalier,"Coupe (Vase, récipient)",Département des Arts de l'Islam,,Date de création/fabrication : 4ème quart du XIIe siècle ; 1ère moitié du XIIIe siècle (1175 - 1250),Date de création/fabrication : 4ème quart du XIIe siècle ; 1ère moitié du XIIIe siècle (1175 - 1250),"Matériau : Céramique
Matériau/Technique : Céramique (pâte siliceuse), décor de lustre métallique sur glaçure",don (18/05/1972),1972,,,,Iran (Monde iranien - Caucase),https://collections.louvre.fr/media/cache/large/0000000021/0000320677/0000645108_OG.JPG,https://collections.louvre.fr/ark:/53355/cl010320677
louvre:cl010320845,louvre,cl010320845,Embout de fontaine et son boisseau,Robinet (Objet divers),Département des Arts de l'Islam,,Date de création/fabrication : XIe siècle ; XIIe siècle (1000 - 1200),Date de création/fabrication : XIe siècle ; XIIe siècle (1000 - 1200),"Matériau : Cuivre (Métal)
Matériau/Technique : Métal (cuivre à fort plomb) coulé, décor ciselé",achat (04/10/1973),1973,,,,Iran (Monde iranien - Caucase) (Iran oriental) ;  (Rhorasan),https://collections.louvre.fr/media/cache/large/0000000021/0000320845/0000658408_OG.JPG,https://collections.louvre.fr/ark:/53355/cl010320845
louvre:cl010321189,louvre,cl010321189,Edicule rectangulaire,Edicule (Objet divers),Département des Arts de l'Islam,,Date de création/fabrication : XIIe siècle ; XIIIe siècle (1100 - 1300),Date de création/fabrication : XIIe siècle ; XIIIe siècle (1100 - 1300),"Matériau : Céramique
Matériau/Technique : Céramique (pâte siliceuse) à décor moulé, modelé, rapporté, ajouré sous glaçure transparente colorée (turquoise) ; rehauts de colorés (cobalt)",legs (10/02/1977),1977,,,,Iran (Monde iranien - Caucase),https://collections.louvre.fr/media/cache/large/0000000021/0000321189/0000655063_OG.JPG,https://collections.louvre.fr/ark:/53355/cl010321189
louvre:cl010321192,louvre,cl010321192,Fond de coupe,"Coupe (Vase, récipient)",Département des Arts de l'Islam,,Date de création/fabrication : 4ème quart du XIIe siècle ; 1er quart du XIIIe siècle (1185 - 1215),Date de création/fabrication : 4ème quart du XIIe siècle ; 1er quart du XIIIe siècle (1185 - 1215),"Matériau : Céramique
Matériau/Technique : Céramique (pâte siliceuse), décor peint sur glaçure opacifiée (petit feu, haft rang, minaï)",legs (10/02/1977),1977,,,,Iran (Monde iranien - Caucase),https://collections.louvre.fr/media/cache/large/0000000021/0000321192/0000666945_OG.JPG,https://collections.louvre.fr/ark:/53355/cl010321192
louvre:cl010321317,louvre,cl010321317,Coupe,"Coupe (Vase, récipient)",Département des Arts de l'Islam,,Date de création/fabrication : XVe siècle (1400 - 1500),Date de création/fabrication : XVe siècle (1400 - 1500),"Matériau : Céramique
Matériau/Technique : Céramique (pâte siliceuse), décor d'engobe gravé sous glaçure transparente colorée",achat (1981),1981,,,,Iran (Monde iranien - Caucase),https://collections.louvre.fr/media/cache/large/0000000021/0000321317/0000666949_OG.JPG,https://collections.louvre.fr/ark:/53355/cl010321317
louvre:cl010321378,louvre,cl010321378,Nécessaire d'orfèvre,"Nécessaire d'orfèvre (Équipement pour l'artisanat et l'industrie) ; Coffret (Accessoire personnel, boîte, étui)",Département des Arts de l'Islam,,Date de création/fabrication : 1er quart du XVIIIe siècle (1709 ; Hégire : 1121),Date de création/fabrication : 1er quart du XVIIIe siècle (1709 ; Hégire : 1121),"Matériau : Bois
Matériau/Technique : Composite, boîte : bois, décor peint, outils : métal (alliage de cuivre, acier)",don (12/11/1981),1981,,,,Iran (Monde iranien - Caucase),https://collections.louvre.fr/media/cache/large/0000000021/0000321378/0000650562_OG.JPG,https://collections.louvre.fr/ark:/53355/cl010321378
louvre:cl010321498,louvre,cl010321498,Coupe,"Coupe (Vase, récipient)",Département des Arts de l'Islam,,Date de création/fabrication : XIIe siècle ; 1er quart du XIIIe siècle (1100 - 1225),Date de création/fabrication : XIIe siècle ; 1er quart du XIIIe siècle (1100 - 1225),"Matériau : Céramique
Matériau/Technique : Céramique (pâte siliceuse), décor moulé sous glaçure transparente, rehauts de glaçure colorée",achat (12/01/1984),1984,,,,"Bamiyan, Shahr-i-Ghulgula (Monde iranien - Caucase->Afghanistan)",https://collections.louvre.fr/media/cache/large/0000000021/0000321498/0000667142_OG.JPG,https://collections.louvre.fr/ark:/53355/cl010321498
louvre:cl010321512,louvre,cl010321512,"Tapis ""vase""",Tapis,Département des Arts de l'Islam,,Date de création/fabrication : XVIIe siècle (?) (1600 - 1700),Date de création/fabrication : XVIIe siècle (?) (1600 - 1700),"Matériau : Textile
Matériau/Technique : Chaîne : coton,  trame : laine, poil : laine, noeud asymétrique",achat après arrêt en douane (04/10/1984),1984,,,,Kerman (Monde iranien - Caucase->Iran) (?),https://collections.louvre.fr/media/cache/large/0000000021/0000321512/0000668808_OG.JPG,https://collections.louvre.fr/ark:/53355/cl010321512
louvre:cl010321537,louvre,cl010321537,Aquamanile zoomorphe,"Aiguière / Aquamanile (Vase, récipient->Verseuse)",Département des Arts de l'Islam,,Date de création/fabrication : XIIe siècle ; XIIIe siècle (1100 - 1300),Date de création/fabrication : XIIe siècle ; XIIIe siècle (1100 - 1300),"Matériau : Céramique
Matériau/Technique : Céramique (pâte siliceuse), décor moulé sous glaçure opacifiée colorée",achat (1985),1985,,,,Iran (Monde iranien - Caucase),https://collections.louvre.fr/media/cache/large/0000000021/0000321537/0000666733_OG.JPG,https://collections.louvre.fr/ark:/53355/cl010321537
louvre:cl010321560,louvre,cl010321560,Coupe au réseau végétal,"Coupe (Vase, récipient)",Département des Arts de l'Islam,,Date de création/fabrication : 4ème quart du XIIe siècle ; 1er quart du XIIIe siècle (1185 - 1225),Date de création/fabrication : 4ème quart du XIIe siècle ; 1er quart du XIIIe siècle (1185 - 1225),"Matériau : Céramique
Matériau/Technique : Céramique (pâte siliceuse), décor de lustre métallique sur glaçure opaque colorée",achat (10/10/1985),1985,,,,Iran (Monde iranien - Caucase),https://collections.louvre.fr/media/cache/large/0000000021/0000321560/0000644918_OG.JPG,https://collections.louvre.fr/ark:/53355/cl010321560
louvre:cl010321683,louvre,cl010321683,Globe céleste,Globe céleste (Instrument scientifique),Département des Arts de l'Islam,,Date de création/fabrication : 2ème quart du XIIe siècle (daté sur l'oeuvre) (1144 ; Hégire : 540),Date de création/fabrication : 2ème quart du XIIe siècle (daté sur l'oeuvre) (1144 ; Hégire : 540),"Matériau : Laiton (Métal)
Matériau/Technique : Laiton coulé, décor gravé et incrusté d'argent",dation (13/12/1985),1985,,,,Isfahan (Monde iranien - Caucase->Iran) (?),https://collections.louvre.fr/media/cache/large/0000000021/0000321683/0000666155_OG.JPG,https://collections.louvre.fr/ark:/53355/cl010321683
louvre:cl010326520,louvre,cl010326520,Coupelle,"Coupe (Vase, récipient)",Département des Arts de l'Islam,,Date de création/fabrication : IXe siècle ; Xe siècle ; XIe siècle (800 - 1100),Date de création/fabrication : IXe siècle ; Xe siècle ; XIe siècle (800 - 1100),"Matériau : Céramique
Matériau/Technique : Céramique (pâte argileuse), décor peint sur glaçure opacifiée (faïence)",entrée après fouilles,,Suse (=Shush) (Monde iranien - Caucase->Iran),,Suse (=Shush) (Monde iranien - Caucase->Iran),,https://collections.louvre.fr/media/cache/large/0000000021/0000326520/0000667497_OG.JPG,https://collections.louvre.fr/ark:/53355/cl010326520
louvre:cl010326629,louvre,cl010326629,Plateau tripode,"Plateau (Vase, récipient)",Département des Arts de l'Islam,,Date de création/fabrication : IXe siècle (800 - 900),Date de création/fabrication : IXe siècle (800 - 900),"Matériau : Céramique
Matériau/Technique : Céramique (pâte argileuse), décor peint sur glaçure opacifiée (faïence)",entrée après fouilles (1927),1927,Suse (=Shush) (Monde iranien - Caucase->Iran) (Ville Royale (tumulus 2) tranchée L),,Suse (=Shush) (Monde iranien - Caucase->Iran) (Ville Royale (tumulus 2) tranchée L),,https://collections.louvre.fr/media/cache/large/0000000021/0000326629/0000668247_OG.JPG,https://collections.louvre.fr/ark:/53355/cl010326629
louvre:cl010327134,louvre,cl010327134,Coupe à décor d'arabesques,"Coupe (Vase, récipient) ; Gemme (Gemme et pierre dure)",Département des Arts de l'Islam,,Date de création/fabrication : XVIe siècle (vers 1550),Date de création/fabrication : XVIe siècle (vers 1550),"Matériau : Composite, Jade (Pierres fines), Or (Métal)
Matériau/Technique : Pierre (jade), décor incrusté de fil métallique (or) regravé",entrée - Collection de Louis XIV (25/09/1796),1796,,,,Turquie (Asie Mineure et Europe orientale),https://collections.louvre.fr/media/cache/large/0000000021/0000327134/0000666611_OG.JPG,https://collections.louvre.fr/ark:/53355/cl010327134
louvre:cl010327414,louvre,cl010327414,Plaque de revêtement à décor de lampe et à inscription coranique,"Carreau de revêtement (Élément d'architecture, décor intérieur et extérieur, huisserie->Décor architectural)",Département des Arts de l'Islam,,Date de création/fabrication : 2ème moitié du XIIIe siècle ; 1er quart du XIVe siècle (1250 - 1315),Date de création/fabrication : 2ème moitié du XIIIe siècle ; 1er quart du XIVe siècle (1250 - 1315),"Matériau : Céramique
Matériau/Technique : Céramique (pâte argileuse), décor moulé et de lustre métallique sur glaçure opacifiée, rehauts de glaçures colorées",achat (09/03/1893),1893,,,,Iran (Monde iranien - Caucase),https://collections.louvre.fr/media/cache/large/0000000021/0000327414/0000664762_OG.JPG,https://collections.louvre.fr/ark:/53355/cl010327414
louvre:cl010327537,louvre,cl010327537,"Portrait de l'empereur Jahangir tenant dans ses mains celui de son père, l'empereur Akbar (page d'album)",Album (= Muraqqa) (Art du livre),Département des Arts de l'Islam,,Date de création/fabrication : 1er quart du XVIIe siècle (1600 - 1615),Date de création/fabrication : 1er quart du XVIIe siècle (1600 - 1615),"Matériau : Papier
Matériau/Technique : Encre, couleurs et or sur papier, Or sur papier coloré (marge et encadrement)",achat (24/05/1894),1894,,,,Inde (Sous-continent indien),https://collections.louvre.fr/media/cache/large/0000000021/0000327537/0000614390_OG.JPG,https://collections.louvre.fr/ark:/53355/cl010327537
louvre:cl010329109,louvre,cl010329109,Pyxide au nom d'al-Mughira,"Pyxide (Accessoire personnel, boîte, étui->Boîte) ; Tabletterie",Département des Arts de l'Islam,,Date de création/fabrication : 3ème quart du Xe siècle (daté sur l'oeuvre) (968 ; Hégire : 357),Date de création/fabrication : 3ème quart du Xe siècle (daté sur l'oeuvre) (968 ; Hégire : 357),"Matériau : Ivoire (Matériau d'origine animale)
Matériau/Technique : Ivoire (éléphant), décor sculpté et gravé",achat (24/10/1898),1898,,,,Madinat al-Zahra (Europe occidentale->Espagne),https://collections.louvre.fr/media/cache/large/0000000021/0000329109/0000660837_OG.JPG,https://collections.louvre.fr/ark:/53355/cl010329109
louvre:cl010329119,louvre,cl010329119,"Vase au nom du sultan d'al-Malik al-Nasir, Salah al-Din Yusuf, dit ""vase Barberini""","Vase (Vase, récipient)",Département des Arts de l'Islam,,Date de création/fabrication : 2ème quart du XIIIe siècle ; 3ème quart du XIIIe siècle (1237 - 1260),Date de création/fabrication : 2ème quart du XIIIe siècle ; 3ème quart du XIIIe siècle (1237 - 1260),"Matériau : Métal
Matériau/Technique : Métal (alliage cuivreux) martelé, décor repoussé, gravé, incrusté d'argent regravé",achat (04/07/1899),1899,,,,Alep (Proche-Orient arabe->Syrie) (?) ; Damas (Proche-Orient arabe->Syrie) (?),https://collections.louvre.fr/media/cache/large/0000000021/0000329119/0000660959_OG.JPG,https://collections.louvre.fr/ark:/53355/cl010329119
louvre:cl010329194,louvre,cl010329194,Étoile à six branches au personnage assis,"Étoile (Élément d'architecture, décor intérieur et extérieur, huisserie->Décor architectural->Carreau de revêtement)",Département des Arts de l'Islam,,Date de création/fabrication : 1er quart du XIIIe siècle (1200 - 1215),Date de création/fabrication : 1er quart du XIIIe siècle (1200 - 1215),"Matériau : Céramique
Matériau/Technique : Céramique (pâte siliceuse), décor de lustre métallique sur glaçure opacifiée",achat (27/03/1905),1905,,,,Iran (Monde iranien - Caucase),https://collections.louvre.fr/media/cache/large/0000000021/0000329194/0000667570_OG.JPG,https://collections.louvre.fr/ark:/53355/cl010329194
louvre:cl010329312,louvre,cl010329312,Gobelet aux joueurs de polo,"Gobelet (Vase, récipient)",Département des Arts de l'Islam,,Date de création/fabrication : 2ème quart du XIIIe siècle ; 3ème quart du XIIIe siècle (vers 1250),Date de création/fabrication : 2ème quart du XIIIe siècle ; 3ème quart du XIIIe siècle (vers 1250),"Matériau : Verre
Matériau/Technique : Verre soufflé, décor émaillé et doré",achat (1908),1908,"Orvieto (Europe occidentale->Italie) (sous l'autel de l'église, aujourd'hui disparue, de Santa Margherita)",,"Orvieto (Europe occidentale->Italie) (sous l'autel de l'église, aujourd'hui disparue, de Santa Margherita)",Syrie (Proche-Orient arabe),https://collections.louvre.fr/media/cache/large/0000000021/0000329312/0000660997_OG.JPG,https://collections.louvre.fr/ark:/53355/cl010329312
louvre:cl010329343,louvre,cl010329343,Chandelier aux canards,Chandelier (Instrument d'éclairage),Département des Arts de l'Islam,,Date de création/fabrication : 2ème moitié du XIIe siècle (1150 - 1200),Date de création/fabrication : 2ème moitié du XIIe siècle (1150 - 1200),"Matériau : Laiton (Métal)
Matériau/Technique : Métal (laiton) martelé, décor repoussé, ciselé, champlevé, incrusté d'argent, de cuivre et de pâte noire",legs (1909),1909,,,,Herat (Monde iranien - Caucase->Afghanistan),https://collections.louvre.fr/media/cache/large/0000000021/0000329343/0000661108_OG.JPG,https://collections.louvre.fr/ark:/53355/cl010329343
louvre:cl010329405,louvre,cl010329405,"Tapis à décor de jardin de paradis, dit ""de Mantes""",Tapis,Département des Arts de l'Islam,,Date de création/fabrication : 2ème quart du XVIe siècle (1530 - 1550),Date de création/fabrication : 2ème quart du XVIe siècle (1530 - 1550),"Matériau : Textile
Matériau/Technique : Chaîne, trame : coton, poil : laine, noeud asymétrique",achat (23/05/1912),1912,,Monde iranien - Caucase (Iran nord occidental (=nord-ouest)),,,https://collections.louvre.fr/media/cache/large/0000000021/0000329405/0001114396_OG.JPG,https://collections.louvre.fr/ark:/53355/cl010329405
louvre:cl010329442,louvre,cl010329442,Coupe,"Coupe (Vase, récipient)",Département des Arts de l'Islam,,Date de création/fabrication : 2ème moitié du XIIe siècle (1150 - 1200),Date de création/fabrication : 2ème moitié du XIIe siècle (1150 - 1200),"Matériau : Céramique
Matériau/Technique : Céramique (pâte siliceuse), décor moulé sous glaçure opacifiée colorée",don (05/01/1914),1914,,,,Iran (Monde iranien - Caucase),https://collections.louvre.fr/media/cache/large/0000000021/0000329442/0000644810_OG.JPG,https://collections.louvre.fr/ark:/53355/cl010329442
louvre:cl010329960,louvre,cl010329960,Suaire de Saint-Josse,Textile divers,Département des Arts de l'Islam,,"Date de création/fabrication : 2ème moitié du Xe siècle ; 4ème quart du Xe siècle (950 - 1000)
Ancienne datation : Xe siècle (avant 961)","Date de création/fabrication : 2ème moitié du Xe siècle ; 4ème quart du Xe siècle (950 - 1000)
Ancienne datation : Xe siècle (avant 961)","Matériau : Textile
Matériau/Technique : Soie (samit)",achat (07/11/1921),1921,,Asie Mineure et Europe orientale (?) ; Monde iranien - Caucase (Ancienne attribution : Khurasan) ; Proche-Orient arabe (?),,"France (Europe occidentale) (Pas-de-Calais, ancienne abbaye de Saint-Josse)",https://collections.louvre.fr/media/cache/large/0000000021/0000329960/0001090856_OG.JPG,https://collections.louvre.fr/ark:/53355/cl010329960
louvre:cl010330142,louvre,cl010330142,Vase en forme de joueur de tambourin,"Vase (Vase, récipient) ; Statue, statuette, figurine",Département des Arts de l'Islam,,Date de création/fabrication : 4ème quart du XIIe siècle ; XIIIe siècle (1175 - 1300),Date de création/fabrication : 4ème quart du XIIe siècle ; XIIIe siècle (1175 - 1300),"Matériau : Céramique
Matériau/Technique : Céramique (pâte siliceuse), décor moulé et de lustre métallique sur glaçure opacifiée ; intérieur : glaçure",don (31/10/1924),1924,,,,Iran (Monde iranien - Caucase),https://collections.louvre.fr/media/cache/large/0000000021/0000330142/0000645251_OG.JPG,https://collections.louvre.fr/ark:/53355/cl010330142
louvre:cl010330266,louvre,cl010330266,"Lion dit ""de Monzon""",Sculpture,Département des Arts de l'Islam,,Date de création/fabrication : 4ème quart du Xe siècle ; XIe siècle (attribution d'après style) (vers 975 - 1100),Date de création/fabrication : 4ème quart du Xe siècle ; XIe siècle (attribution d'après style) (vers 975 - 1100),"Matériau : Métal
Matériau/Technique : Métal (bronze) coulé, décor gravé",legs (05/07/1926),1926,Monzón de Campos (Espagne->Europe occidentale) (Trouvé en 1849 dans les ruines du Castellon (château situé hors de la cité).),Cordoue (Europe occidentale->Espagne) (?),Monzón de Campos (Espagne->Europe occidentale) (Trouvé en 1849 dans les ruines du Castellon (château situé hors de la cité).),,https://collections.louvre.fr/media/cache/large/0000000021/0000330266/0001090965_OG.JPG,https://collections.louvre.fr/ark:/53355/cl010330266
louvre:cl010330328,louvre,cl010330328,Bouteille aux animaux passant,"Bouteille (Vase, récipient)",Département des Arts de l'Islam,,Date de création/fabrication : XIIe siècle ; XIIIe siècle (1100 - 1300),Date de création/fabrication : XIIe siècle ; XIIIe siècle (1100 - 1300),"Matériau : Céramique
Matériau/Technique : Céramique (pâte argileuse), décor moulé",achat (05/07/1928),1928,,,,Iran (Monde iranien - Caucase),https://collections.louvre.fr/media/cache/large/0000000021/0000330328/0000667080_OG.JPG,https://collections.louvre.fr/ark:/53355/cl010330328
louvre:cl010330446,louvre,cl010330446,Lampe à six becs,Lampe (Instrument d'éclairage),Département des Arts de l'Islam,,Date de création/fabrication : XIIe siècle (1100 - 1200),Date de création/fabrication : XIIe siècle (1100 - 1200),"Matériau : Laiton (Métal), Plomb (Métal)
Matériau/Technique : Métal (laiton à fort plomb) coulé, champlevé, décor gravé et limé",don (04/06/1928),1928,,,,Iran (Monde iranien - Caucase) (Khurasan),https://collections.louvre.fr/media/cache/large/0000000021/0000330446/0000666590_OG.JPG,https://collections.louvre.fr/ark:/53355/cl010330446
louvre:cl010330497,louvre,cl010330497,Coupe aux phénix en vol,"Coupe (Vase, récipient)",Département des Arts de l'Islam,,Date de création/fabrication : 1ère moitié du XIVe siècle (1300 - 1350),Date de création/fabrication : 1ère moitié du XIVe siècle (1300 - 1350),"Matériau : Céramique
Matériau/Technique : Céramique (pâte siliceuse), décor d'engobe et peint sur engobe sous glaçure transparente",achat en vente publique (01/12/1930),1930,,,,Iran (Monde iranien - Caucase),https://collections.louvre.fr/media/cache/large/0000000021/0000330497/0000661094_OG.JPG,https://collections.louvre.fr/ark:/53355/cl010330497
louvre:cl010330715,louvre,cl010330715,Poignard (khanjar) à tête de cheval,Kanjar (Arme et équipement militaire->Poignard),Département des Arts de l'Islam,,Date de création/fabrication : XVIIe siècle ; XVIIIe siècle (1600 - 1800),Date de création/fabrication : XVIIe siècle ; XVIIIe siècle (1600 - 1800),"Matériau : Composite, Jade (Pierres fines), Acier (Métal)
Matériau/Technique : lame : acier (?), décor damasquiné d'or ; manche : jade, pierres précieuses (?)",legs (1922),1922,,,,Inde (Sous-continent indien),https://collections.louvre.fr/media/cache/large/0000000021/0000330715/0000661042_OG.JPG,https://collections.louvre.fr/ark:/53355/cl010330715
louvre:cl010331081,louvre,cl010331081,"Coupe aux nuages ""tchi""","Coupe (Vase, récipient)",Département des Arts de l'Islam,,Date de création/fabrication : XVe siècle (1400 - 1500),Date de création/fabrication : XVe siècle (1400 - 1500),"Matériau : Céramique
Matériau/Technique : Céramique (pâte siliceuse), décor peint sous glaçure",don manuel (27/03/1907),1907,,,,Tabriz (Monde iranien - Caucase->Iran) (?),https://collections.louvre.fr/media/cache/large/0000000021/0000331081/0001090987_OG.JPG,https://collections.louvre.fr/ark:/53355/cl010331081
louvre:cl010331963,louvre,cl010331963,Plat à décor rayonnant enfermant des branches fleuries,"Plat (Vase, récipient)",Département des Arts de l'Islam,,Date de création/fabrication : XVIIe siècle ; XVIIIe siècle (1600 - 1800),Date de création/fabrication : XVIIe siècle ; XVIIIe siècle (1600 - 1800),"Matériau : Céramique
Matériau/Technique : Céramique (pâte siliceuse), décor peint sur engobe sous glaçure transparente",legs (14/04/1931),1931,,,,Damas (Proche-Orient arabe->Syrie) (?),https://collections.louvre.fr/media/cache/large/0000000021/0000331963/0000961300_OG.JPG,https://collections.louvre.fr/ark:/53355/cl010331963
louvre:cl010332054,louvre,cl010332054,"Plat à la grue en vol et nuages ""tchi""","Plat (Vase, récipient)",Département des Arts de l'Islam,,Date de création/fabrication : 2ème moitié du XVe siècle (1450 - 1500),Date de création/fabrication : 2ème moitié du XVe siècle (1450 - 1500),"Matériau : Céramique
Matériau/Technique : Céramique (pâte siliceuse), décor peint sous glaçure transparente colorée",legs (14/04/1931),1931,,,,Tabriz (Monde iranien - Caucase->Iran) (?),https://collections.louvre.fr/media/cache/large/0000000021/0000332054/0000645402_OG.JPG,https://collections.louvre.fr/ark:/53355/cl010332054
louvre:cl010332079,louvre,cl010332079,Plat aux capridés riant,"Plat (Vase, récipient)",Département des Arts de l'Islam,,Date de création/fabrication : 4ème quart du XVe siècle (1485 - 1500),Date de création/fabrication : 4ème quart du XVe siècle (1485 - 1500),"Matériau : Céramique
Matériau/Technique : Céramique (pâte siliceuse), décor moulé et peint sous glaçure transparente incolore",legs (14/04/1931),1931,,,,Iran (Monde iranien - Caucase),https://collections.louvre.fr/media/cache/large/0000000021/0000332079/0000658760_OG.JPG,https://collections.louvre.fr/ark:/53355/cl010332079
louvre:cl010332253,louvre,cl010332253,Bol,"Bol (Vase, récipient)",Département des Arts de l'Islam,,Date de création/fabrication : XVIe siècle ; XVIIe siècle (1500 - 1700),Date de création/fabrication : XVIe siècle ; XVIIe siècle (1500 - 1700),"Matériau : Céramique
Matériau/Technique : Céramique (pâte siliceuse), décor peint sous glaçure transparente colorée",achat (03/11/1886),1886,,,,Damas (Proche-Orient arabe->Syrie) (?),https://collections.louvre.fr/media/cache/large/0000000021/0000332253/0000961318_OG.JPG,https://collections.louvre.fr/ark:/53355/cl010332253
louvre:cl010332254,louvre,cl010332254,Grande coupe aux rinceaux verts,"Coupe (Vase, récipient)",Département des Arts de l'Islam,,Date de création/fabrication : XVIIe siècle (?) ; XVIIIe siècle (?) (1600 - 1800),Date de création/fabrication : XVIIe siècle (?) ; XVIIIe siècle (?) (1600 - 1800),"Matériau : Céramique
Matériau/Technique : Céramique (pâte siliceuse), décor peint sur engobe sous glaçure transparente",achat (24/01/1886),1886,,,,Damas (Proche-Orient arabe->Syrie) (?),https://collections.louvre.fr/media/cache/large/0000000021/0000332254/0000961323_OG.JPG,https://collections.louvre.fr/ark:/53355/cl010332254
louvre:cl010332287,louvre,cl010332287,Aquamanile fragmentaire en forme de bovidé,"Aiguière / Aquamanile (Vase, récipient->Verseuse)",Département des Arts de l'Islam,,Date de création/fabrication : 4ème quart du XIIe siècle ; 1ère moitié du XIIIe siècle (1175 - 1250),Date de création/fabrication : 4ème quart du XIIe siècle ; 1ère moitié du XIIIe siècle (1175 - 1250),"Matériau : Céramique
Matériau/Technique : Céramique (pâte siliceuse), décor de lustre métallique sur glaçure transparente (?), rehauts de couleur",don manuel (26/08/1941),1941,,,,Iran (Monde iranien - Caucase),https://collections.louvre.fr/media/cache/large/0000000021/0000332287/0000869888_OG.JPG,https://collections.louvre.fr/ark:/53355/cl010332287
louvre:cl010332491,louvre,cl010332491,Coffret,"Coffret (Accessoire personnel, boîte, étui) ; Tabletterie",Département des Arts de l'Islam,,Date de création/fabrication : 3ème quart du Xe siècle (daté sur l'oeuvre) et XVe siècle (966 - 967 ; Hégire : 355 et 1400 - 1500),Date de création/fabrication : 3ème quart du Xe siècle (daté sur l'oeuvre) et XVe siècle (966 - 967 ; Hégire : 355 et 1400 - 1500),"Matériau : Composite, Ivoire (Matériau d'origine animale), Argent (Métal)
Matériau/Technique : Ivoire d'éléphant, décor sculpté. Montures en argent niellé, pointes en alliage à base de fer et en alliage à base d’argent, chevilles d’ivoire et de bois",achat en vente publique (02/05/1888),1888,,,,Madinat al-Zahra (Europe occidentale->Espagne),https://collections.louvre.fr/media/cache/large/0000000021/0000332491/0000661439_OG.JPG,https://collections.louvre.fr/ark:/53355/cl010332491
louvre:cl010333267,louvre,cl010333267,Porche d'une demeure mamlouke au Caire (Qasr Rumi),"Élément d'architecture (Élément d'architecture, décor intérieur et extérieur, huisserie)",Département des Arts de l'Islam,,Date de création/fabrication : XVe siècle (1400 - 1500),Date de création/fabrication : XVe siècle (1400 - 1500),"Matériau : Calcaire (Pierre), Fer (Métal), Bois
Matériau/Technique : Calcaires jaune et blanc sculptés, grilles modernes en fer forgé et cadre en châtaignier",mode d'acquisition inconnu (1889),1889,,Le Caire (Proche-Orient arabe->Égypte),,,https://collections.louvre.fr/media/cache/large/0000000021/0000333267/0000664950_OG.JPG,https://collections.louvre.fr/ark:/53355/cl010333267
louvre:cl010333341,louvre,cl010333341,Carreau de revêtement,"Carreau de revêtement (Élément d'architecture, décor intérieur et extérieur, huisserie->Décor architectural)",Département des Arts de l'Islam,,Date de création/fabrication : 2ème moitié du XIVe siècle (?) (1350 - 1400),Date de création/fabrication : 2ème moitié du XIVe siècle (?) (1350 - 1400),"Matériau : Céramique
Matériau/Technique : Céramique",don manuel (1892),1892,,,,Tlemcen (Maghreb->Algérie),https://collections.louvre.fr/media/cache/large/0000000021/0000333341/0000935126_OG.JPG,https://collections.louvre.fr/ark:/53355/cl010333341
louvre:cl010333443,louvre,cl010333443,Vantail de porte de sacristie faisant partie d'une paire,"Vantail (Élément d'architecture, décor intérieur et extérieur, huisserie->Élément d'architecture->Porte) ; Mobilier",Département des Arts de l'Islam,,Date de création/fabrication : XVe siècle ; XVIe siècle (1400 - 1600),Date de création/fabrication : XVe siècle ; XVIe siècle (1400 - 1600),"Matériau : Bois
Matériau/Technique : Bois, décor sculpté",achat (29/04/1893),1893,,,,Espagne (Europe occidentale),https://collections.louvre.fr/media/cache/large/0000000021/0000333443/0000661189_OG.JPG,https://collections.louvre.fr/ark:/53355/cl010333443
louvre:cl010333981,louvre,cl010333981,Panneau droit d'une porte à deux vantaux à scènes de divertissement et thèmes animaliers,"Vantail (Élément d'architecture, décor intérieur et extérieur, huisserie->Élément d'architecture->Porte)",Département des Arts de l'Islam,,Date de création/fabrication : XIXe siècle (1800 - 1900),Date de création/fabrication : XIXe siècle (1800 - 1900),"Matériau : Platane (Bois)
Matériau/Technique : Bois (platane), décor peint, doré et verni ; marqueterie; métal",achat (1929),1929,,,,"Isfahan (Monde iranien - Caucase->Iran) (?) (Proviendrait d'Ispahan selon le vendeur (article de R. Koechlin, 1929))",https://collections.louvre.fr/media/cache/large/0000000021/0000333981/0000661197_OG.JPG,https://collections.louvre.fr/ark:/53355/cl010333981
louvre:cl010336904,louvre,cl010336904,figurine,figurine,Département des Antiquités égyptiennes,,Date de création/fabrication : époque romaine (-30 - 395),Date de création/fabrication : époque romaine (-30 - 395),"Matériau : terre cuite (rouge)
Technique : moulage",partage après fouilles (1921),1921,Antinoé (Moyenne Égypte->Égypte->Afrique du Nord),,Antinoé (Moyenne Égypte->Égypte->Afrique du Nord),,https://collections.louvre.fr/media/cache/large/0000000021/0000336904/0000856197_OG.JPG,https://collections.louvre.fr/ark:/53355/cl010336904
louvre:cl010465641,louvre,cl010465641,Apollon citharède,statuette,"Département des Antiquités grecques, étrusques et romaines",,Date de création/fabrication : 2e moitié IIe s. av. J.-C. ; 1e moitié Ie s. av. J.-C. (-150 - -50),Date de création/fabrication : 2e moitié IIe s. av. J.-C. ; 1e moitié Ie s. av. J.-C. (-150 - -50),"Matériau : bronze
Technique : fonte en creux (coulé = fondu = fonte) (coulé en plusieurs pièces : la tête, les bras, le torse avec la jambe droite et la jambe gauche)",achat avec participation des Amis du Louvre (22/03/2017),2017,Pompéi (?) (dans les environs),Campanie (?),Pompéi (?) (dans les environs),,https://collections.louvre.fr/media/cache/large/0000000021/0000465641/0001004261_OG.JPG,https://collections.louvre.fr/ark:/53355/cl010465641
