objectID,sourceMuseum,sourceObjectID,title,objectName,department,culture,period,objectDate,medium,creditLine,accessionYear,excavation,placeOfCreation,placeOfDiscovery,provenance,primaryImage,objectURL
qb:1624,qb,1624,Brassard,Brassard,Océanie,-,Deuxième moitié du 19e siècle.,Deuxième moitié du 19e siècle.,Vannerie de fibres végétales tressées (orchidée).,Ornement porté sur le haut du bras commun à de nombreuses îles mélanésiennes depuis Makira (îles Salomon) jusqu'aux îles Amirauté. La fibre jaune d'orchidée était d'ailleurs échangée entre les îles pour fabriquer ce type de brassard.,1886,,,,"Makira-Ulawa (province) < Salomon, îles < Mélanésie < Océanie",https://collections.quaibranly.fr/cc/imageproxy.ashx?server=localhost&port=15012&filename=Objets/Images/001/1624.jpg&cache=yes,https://collections.quaibranly.fr/#/objet/1624
qb:12795,qb,12795,Masque,Masque,Océanie,Iatmul,deuxième moitié du 19e siècle,deuxième moitié du 19e siècle,"Bois sculpté, pigments blanc, rouge et noir",Masque placé sur des boucliers de pirogue ou sur les boucliers de tambours à fente.,1939,,,,East Sepik (province) < Papouasie-Nouvelle-Guinée < Mélanésie < Océanie,https://collections.quaibranly.fr/cc/imageproxy.ashx?server=localhost&port=15012&filename=Objets/IDENTIFICATION_OBJETS/Photos_YMAGO/000000/12795y.jpg&cache=yes,https://collections.quaibranly.fr/#/objet/12795
qb:17904,qb,17904,Charme de guerre,Charme de guerre,Océanie,,début du 20e siècle,début du 20e siècle,"Bois, plumes, perles, pigments","Fiche Ganay van den Broek.""Charme de guerre parankara fait avec des plumes de pigeon kara, en bois peint, sculpté d'une tête, trons, jambes avec la terre de l'île Manus mélangée à de l'eau. Porté pour la guerre, les sing sing (danses) également pour la pêche aux tortues et aux sing sing suivant cette pêche.Acheté par M. et Mme van den Broek, le 8-9-35 sur l'île de Pak.Les guerriers de jadis, pour assurer leur sécurité pendant les combats, suspendaient dans leur dos un os d'ancêtre auquel ils attachaient des touffes de plumes dont les bords étaient découpés d'encoches. Plus tard, l'os fut remplacé par un ""charme"" de bois sculpté. Non seulement celui-ci a conservé de l'ancienne amulette les plumes finement dentelées, mais l'os et la courbure de son épiphyse y sont rappaelés, dit-on, par la tête toujours un peu penchée en avant. Les deux montants évidés qui encadrent les joues représentent les lobes des oreilles. Ceux-ci, percés dès l'enfance, sont progressivement distendus et finissent par former une boucle qui pend parfois jusqu'à l'épaule. Comme l'os, le charme est dans le dos mais il est maintenu (suite) dans une position horizontale, le fin visage près de la nuque et tourné vers le haut.",1962,,,,Mogara (village) < Pak (île) < Amirauté (îles) < Manus (province) < Bismarck (archipel) < Papouasie-Nouvelle-Guinée < Mélanésie < Océanie,https://collections.quaibranly.fr/cc/imageproxy.ashx?server=localhost&port=15012&filename=Objets/Images/017/17904.jpg&cache=yes,https://collections.quaibranly.fr/#/objet/17904
qb:18218,qb,18218,Chasse-mouches,Chasse-mouches,Océanie,Fidjien,avant 1934,avant 1934,"Os de cétacé, crin de cheval","Chasse-mouche, objet de pouvoir, marqueur de statut",1962,,,,Muri Muri (village) < Matuku (île) < Moala (île) < Groupe Moala < Eastern (division) < Fidji < Mélanésie < Océanie,https://collections.quaibranly.fr/cc/imageproxy.ashx?server=localhost&port=15012&filename=Objets/Images/018/18218.jpg&cache=yes,https://collections.quaibranly.fr/#/objet/18218
qb:20682,qb,20682,Lance cérémonielle,Lance cérémonielle,Océanie,Tiwi,Fin du 19e ou début du 20e siècle.,Fin du 19e ou début du 20e siècle.,"Bois sculpté, pigments ocre jaune, ocre brun et blanc",Armement. Objet cérémoniel,1972,,,,Bathurst (île) < Terre d'Arnhem (territoire aborigène) < Northern Territory (territory) < Australie < Océanie,https://collections.quaibranly.fr/cc/imageproxy.ashx?server=localhost&port=15012&filename=Objets/Images/020/20682.jpg&cache=yes,https://collections.quaibranly.fr/#/objet/20682
qb:24035,qb,24035,Collier,Collier,Océanie,Fidjien,19e siècle,19e siècle,"Dents de cachalot (Physeter macrocephalus), perles de bois, fibres végétales.<br>Sens de présentation/port du collier : extrémités des dents orientées vers le haut.","Les Fidjiens produirent un grande quantité d'ornements composés de dents de cachalots ou de coquillage durant le 19e siècle. En plus de leur rôle de parures, ces matériaux marins et pérennes rentraient dans des stratégies d'échanges entre les groupes de l'archipel. Ces objets ne furent accessibles aux Européens qu'à partir des années 1870.",1954,,,,Fidji < Mélanésie < Océanie,https://collections.quaibranly.fr/cc/imageproxy.ashx?server=localhost&port=15012&filename=Objets/Images/024/24035.jpg&cache=yes,https://collections.quaibranly.fr/#/objet/24035
qb:29052,qb,29052,Gargoulette,Gargoulette,Afrique du Nord et Moyen-Orient,Kabyle,avant 1932,avant 1932,"Terre cuite, pigments naturels<br>Montée au colombin par les femmes",Pour boire l'eau à la régalade.,1932,,,,Khankhoun (village) < Constantine (département) < Algérie < Maghreb < Afrique septentrionale < Afrique,https://collections.quaibranly.fr/cc/imageproxy.ashx?server=localhost&port=15012&filename=Objets/Images/029/29052.jpg&cache=yes,https://collections.quaibranly.fr/#/objet/29052
qb:31447,qb,31447,Bracelets,Bracelets,Afrique du Nord et Moyen-Orient,Touareg,début du 20e siècle,début du 20e siècle,Argent<br>Fait par les forgerons Touareg,Parure de femme Portées par les femmes touaregs mais aussi par les femmes des oasis du Touat et du Tidikelt et de Tombouctou. Modèle d'inspiration soudanaise.,1934,,,,Djanet < Ouargla (département) < Algérie < Maghreb < Afrique septentrionale < Afrique,https://collections.quaibranly.fr/cc/imageproxy.ashx?server=localhost&port=15012&filename=Objets/Images/031/31447.jpg&cache=yes,https://collections.quaibranly.fr/#/objet/31447
qb:35472,qb,35472,Fibules,Fibules,Afrique du Nord et Moyen-Orient,Ida Ou Semlal,fin 19e siècle,fin 19e siècle,"Argent, émaux<br>Filigrane",Parure de femmeAccessoire de la parure et du costume féminin : porté par les femmes pour draper sur chaque épaule la pièce de cotonnade qui leur sert de robe.,1938,,,,Sous (vallée) < Maroc < Maghreb < Afrique septentrionale < Afrique,https://collections.quaibranly.fr/cc/imageproxy.ashx?server=localhost&port=15012&filename=Objets/Images/035/35472.jpg&cache=yes,https://collections.quaibranly.fr/#/objet/35472
qb:35473,qb,35473,Fibules,Fibules,Afrique du Nord et Moyen-Orient,Ida Ou Semlal,fin 19e siècle,fin 19e siècle,"Argent, émaux<br>Filigrane",Parure de femmeAccessoire de la parure et du costume féminin : porté par les femmes pour draper sur chaque épaule la pièce de cotonnade qui leur sert de robe.,1938,,,,Sous (vallée) < Maroc < Maghreb < Afrique septentrionale < Afrique,https://collections.quaibranly.fr/cc/imageproxy.ashx?server=localhost&port=15012&filename=Objets/Images/035/35473.jpg&cache=yes,https://collections.quaibranly.fr/#/objet/35473
qb:36060,qb,36060,Amulette,Amulette,Afrique du Nord et Moyen-Orient,Touareg,avant 1938,avant 1938,"Cuivre, aluminium, argent<br>Fabriquée par l'artisan local.",Elément de la parure,1938,,,,Tindouf (ville) < Saoura < Béchar < Sahara < Algérie < Maghreb < Afrique septentrionale < Afrique,https://collections.quaibranly.fr/cc/imageproxy.ashx?server=localhost&port=15012&filename=Objets/Images/036/36060.jpg&cache=yes,https://collections.quaibranly.fr/#/objet/36060
qb:36228,qb,36228,Lampe,Lampe,Afrique du Nord et Moyen-Orient,Aït Mahmoud,première moitié du 20e siècle,première moitié du 20e siècle,"Terre cuite, pigments<br>Poterie montée au colombin par les femmes.",Ces lampes sont en général déposées dans les mosquées. Elles sont aussi portées devant la mariée pendant les cérémonies du mariage.,1940,,,,Aït Berdjal < Algérie < Maghreb < Afrique septentrionale < Afrique,https://collections.quaibranly.fr/cc/imageproxy.ashx?server=localhost&port=15012&filename=Objets/Images/036/36228.jpg&cache=yes,https://collections.quaibranly.fr/#/objet/36228
qb:36388,qb,36388,Plat,Plat,Afrique du Nord et Moyen-Orient,Kabyle,première moitié du 20e siècle,première moitié du 20e siècle,"Terre cuite, pigments<br>Poterie montée au colombin par les femmes",Domestique,1940,,,,Khankhoun (village) < Constantine (département) < Algérie < Maghreb < Afrique septentrionale < Afrique,https://collections.quaibranly.fr/cc/imageproxy.ashx?server=localhost&port=15012&filename=Objets/Images/036/36388.jpg&cache=yes,https://collections.quaibranly.fr/#/objet/36388
qb:36389,qb,36389,Plat,Plat,Afrique du Nord et Moyen-Orient,Kabyle,première moitié du 20e siècle,première moitié du 20e siècle,"Terre cuite, pigments<br>Poterie montée au colombin par les femmes",Alimentaire,1940,,,,Khankhoun (village) < Constantine (département) < Algérie < Maghreb < Afrique septentrionale < Afrique,https://collections.quaibranly.fr/cc/imageproxy.ashx?server=localhost&port=15012&filename=Objets/Images/036/36389.jpg&cache=yes,https://collections.quaibranly.fr/#/objet/36389
qb:36390,qb,36390,Plat,Plat,Afrique du Nord et Moyen-Orient,Kabyle,première moitié du 20e siècle,première moitié du 20e siècle,"Terre cuite, pigments<br>Poterie montée au colombin par les femmes",Alimentaire,1940,,,,Khankhoun (village) < Constantine (département) < Algérie < Maghreb < Afrique septentrionale < Afrique,https://collections.quaibranly.fr/cc/imageproxy.ashx?server=localhost&port=15012&filename=Objets/Images/036/36390.jpg&cache=yes,https://collections.quaibranly.fr/#/objet/36390
qb:36391,qb,36391,Plat,Plat,Afrique du Nord et Moyen-Orient,Kabyle,première moitié du 20e siècle,première moitié du 20e siècle,"Terre cuite, pigments<br>Poterie montée au colombin par les femmes",Alimentaire,1940,,,,Khankhoun (village) < Constantine (département) < Algérie < Maghreb < Afrique septentrionale < Afrique,https://collections.quaibranly.fr/cc/imageproxy.ashx?server=localhost&port=15012&filename=Objets/Images/036/36391.jpg&cache=yes,https://collections.quaibranly.fr/#/objet/36391
qb:36392,qb,36392,Plat,Plat,Afrique du Nord et Moyen-Orient,Kabyle,première moitié du 20e siècle,première moitié du 20e siècle,"Terre cuite, pigments<br>Poterie montée au colombin par les femmes",Alimentaire,1940,,,,Khankhoun (village) < Constantine (département) < Algérie < Maghreb < Afrique septentrionale < Afrique,https://collections.quaibranly.fr/cc/imageproxy.ashx?server=localhost&port=15012&filename=Objets/Images/036/36392.jpg&cache=yes,https://collections.quaibranly.fr/#/objet/36392
qb:36393,qb,36393,Plat,Plat,Afrique du Nord et Moyen-Orient,Kabyle,première moitié du 20e siècle,première moitié du 20e siècle,"Terre cuite, pigments<br>Poterie montée au colombin par les femmes",Alimentaire,1940,,,,Khankhoun (village) < Constantine (département) < Algérie < Maghreb < Afrique septentrionale < Afrique,https://collections.quaibranly.fr/cc/imageproxy.ashx?server=localhost&port=15012&filename=Objets/Images/036/36393.jpg&cache=yes,https://collections.quaibranly.fr/#/objet/36393
qb:36394,qb,36394,Plat,Plat,Afrique du Nord et Moyen-Orient,Kabyle,première moitié du 20e siècle,première moitié du 20e siècle,"Terre cuite, pigments<br>Poterie montée au colombin par les femmes",Alimentaire,1940,,,,Khankhoun (village) < Constantine (département) < Algérie < Maghreb < Afrique septentrionale < Afrique,https://collections.quaibranly.fr/cc/imageproxy.ashx?server=localhost&port=15012&filename=Objets/Images/036/36394.jpg&cache=yes,https://collections.quaibranly.fr/#/objet/36394
qb:36395,qb,36395,Plat,Plat,Afrique du Nord et Moyen-Orient,Kabyle,première moitié du 20e siècle,première moitié du 20e siècle,"Terre cuite, pigments<br>Poterie montée au colombin par les femmes",Alimentaire,1940,,,,Khankhoun (village) < Constantine (département) < Algérie < Maghreb < Afrique septentrionale < Afrique,https://collections.quaibranly.fr/cc/imageproxy.ashx?server=localhost&port=15012&filename=Objets/Images/036/36395.jpg&cache=yes,https://collections.quaibranly.fr/#/objet/36395
qb:36396,qb,36396,Plat,Plat,Afrique du Nord et Moyen-Orient,Kabyle,avant 1940,avant 1940,"Terre cuite, pigments naturels<br>Poterie montée au colombin par les femmes",Alimentaire,1940,,,,Khankhoun (village) < Constantine (département) < Algérie < Maghreb < Afrique septentrionale < Afrique,https://collections.quaibranly.fr/cc/imageproxy.ashx?server=localhost&port=15012&filename=Objets/Images/036/36396.jpg&cache=yes,https://collections.quaibranly.fr/#/objet/36396
qb:36397,qb,36397,Plat,Plat,Afrique du Nord et Moyen-Orient,Kabyle,première moitié du 20e siècle,première moitié du 20e siècle,"Terre cuite, pigments<br>Poterie montée au colombin par les femmes",Alimentaire,1940,,,,Khankhoun (village) < Constantine (département) < Algérie < Maghreb < Afrique septentrionale < Afrique,https://collections.quaibranly.fr/cc/imageproxy.ashx?server=localhost&port=15012&filename=Objets/Images/036/36397.jpg&cache=yes,https://collections.quaibranly.fr/#/objet/36397
qb:36399,qb,36399,Plat,Plat,Afrique du Nord et Moyen-Orient,Kabyle,première moitié du 20e siècle,première moitié du 20e siècle,"Terre cuite, pigments<br>Poterie montée au colombin par les femmes. Chacune fait cuire les poteries dans sa cour.",Alimentaire.,1940,,,,Khankhoun (village) < Constantine (département) < Algérie < Maghreb < Afrique septentrionale < Afrique,https://collections.quaibranly.fr/cc/imageproxy.ashx?server=localhost&port=15012&filename=Objets/Images/036/36399.jpg&cache=yes,https://collections.quaibranly.fr/#/objet/36399
qb:36400,qb,36400,Plat,Plat,Afrique du Nord et Moyen-Orient,Kabyle,première moitié du 20e siècle,première moitié du 20e siècle,"Terre cuite, pigments<br>Poterie montée au colombin par les femmes",Alimentaire,1940,,,,Khankhoun (village) < Constantine (département) < Algérie < Maghreb < Afrique septentrionale < Afrique,https://collections.quaibranly.fr/cc/imageproxy.ashx?server=localhost&port=15012&filename=Objets/Images/036/36400.jpg&cache=yes,https://collections.quaibranly.fr/#/objet/36400
qb:36401,qb,36401,Plat,Plat,Afrique du Nord et Moyen-Orient,Kabyle,première moitié du 20e siècle,première moitié du 20e siècle,"Terre cuite, pigments<br>Poterie montée au colombin par les femmes",Alimentaire,1940,,,,Khankhoun (village) < Constantine (département) < Algérie < Maghreb < Afrique septentrionale < Afrique,https://collections.quaibranly.fr/cc/imageproxy.ashx?server=localhost&port=15012&filename=Objets/Images/036/36401.jpg&cache=yes,https://collections.quaibranly.fr/#/objet/36401
qb:36402,qb,36402,Bol à deux anses,Bol à deux anses,Afrique du Nord et Moyen-Orient,Kabyle,première moitié du 20e siècle,première moitié du 20e siècle,"Terre cuite, pigments<br>Poterie montée au colombin par les femmes",Ce vase à eau sert à arroser la semoule,1940,,,,Khankhoun (village) < Constantine (département) < Algérie < Maghreb < Afrique septentrionale < Afrique,https://collections.quaibranly.fr/cc/imageproxy.ashx?server=localhost&port=15012&filename=Objets/Images/036/36402.jpg&cache=yes,https://collections.quaibranly.fr/#/objet/36402
qb:36403,qb,36403,Bol à deux anses,Bol à deux anses,Afrique du Nord et Moyen-Orient,Kabyle,première moitié du 20e siècle,première moitié du 20e siècle,"Terre cuite, pigments<br>Poterie montée au colombin par les femmes",Ce vase à eau sert à arroser la semoule pour faire le couscous.,1940,,,,Khankhoun (village) < Constantine (département) < Algérie < Maghreb < Afrique septentrionale < Afrique,https://collections.quaibranly.fr/cc/imageproxy.ashx?server=localhost&port=15012&filename=Objets/Images/036/36403.jpg&cache=yes,https://collections.quaibranly.fr/#/objet/36403
qb:36404,qb,36404,Vase à eau,Vase à eau,Afrique du Nord et Moyen-Orient,Kabyle,première moitié du 20e siècle,première moitié du 20e siècle,"Terre cuite, pigments<br>Poterie montée au colombin par les femmes",Ce vase à eau sert à arroser la semoule pour faire le couscous.,1940,,,,Khankhoun (village) < Constantine (département) < Algérie < Maghreb < Afrique septentrionale < Afrique,https://collections.quaibranly.fr/cc/imageproxy.ashx?server=localhost&port=15012&filename=Objets/Images/036/36404.jpg&cache=yes,https://collections.quaibranly.fr/#/objet/36404
qb:36405,qb,36405,Bol à une anse,Bol à une anse,Afrique du Nord et Moyen-Orient,Kabyle,première moitié du 20e siècle,première moitié du 20e siècle,"Terre cuite, pigments<br>Poterie montée au colombin par les femmes",Sert à mettre l'eau et à arroser la semoule.,1940,,,,Khankhoun (village) < Constantine (département) < Algérie < Maghreb < Afrique septentrionale < Afrique,https://collections.quaibranly.fr/cc/imageproxy.ashx?server=localhost&port=15012&filename=Objets/Images/036/36405.jpg&cache=yes,https://collections.quaibranly.fr/#/objet/36405
qb:36406,qb,36406,Jarre,Jarre,Afrique du Nord et Moyen-Orient,Kabyle,première moitié du 20e siècle,première moitié du 20e siècle,"Terre cuite, pigments<br>Poterie montée au colombin par les femmes",Sert pour le lait ou l'huile,1940,,,,Khankhoun (village) < Constantine (département) < Algérie < Maghreb < Afrique septentrionale < Afrique,https://collections.quaibranly.fr/cc/imageproxy.ashx?server=localhost&port=15012&filename=Objets/Images/036/36406.jpg&cache=yes,https://collections.quaibranly.fr/#/objet/36406
qb:36407,qb,36407,Jarre,Jarre,Afrique du Nord et Moyen-Orient,Kabyle,première moitié du 20e siècle,première moitié du 20e siècle,"Terre cuite, pigments<br>Poterie montée au colombin par les femmes",Ces vases servent pour le lait ou l'huile.,1940,,,,Khankhoun (village) < Constantine (département) < Algérie < Maghreb < Afrique septentrionale < Afrique,https://collections.quaibranly.fr/cc/imageproxy.ashx?server=localhost&port=15012&filename=Objets/Images/036/36407.jpg&cache=yes,https://collections.quaibranly.fr/#/objet/36407
qb:36408,qb,36408,Pot,Pot,Afrique du Nord et Moyen-Orient,Kabyle,première moitié du 20e siècle,première moitié du 20e siècle,"Terre cuite, pigments<br>Poterie montée au colombin par les femmes",Sert à garder l'eau et à boire,1940,,,,Khankhoun (village) < Constantine (département) < Algérie < Maghreb < Afrique septentrionale < Afrique,https://collections.quaibranly.fr/cc/imageproxy.ashx?server=localhost&port=15012&filename=Objets/Images/036/36408.jpg&cache=yes,https://collections.quaibranly.fr/#/objet/36408
qb:36409,qb,36409,Pot,Pot,Afrique du Nord et Moyen-Orient,Kabyle,première moitié du 20e siècle,première moitié du 20e siècle,"Terre cuite, pigments<br>Poterie montée au colombin par les femmes",Sert à garder et servir l'eau,1940,,,,Khankhoun (village) < Constantine (département) < Algérie < Maghreb < Afrique septentrionale < Afrique,https://collections.quaibranly.fr/cc/imageproxy.ashx?server=localhost&port=15012&filename=Objets/Images/036/36409.jpg&cache=yes,https://collections.quaibranly.fr/#/objet/36409
qb:36529,qb,36529,Pot,Pot,Afrique du Nord et Moyen-Orient,Kabyle,première moitié du 20e siècle,première moitié du 20e siècle,"Terre cuite, pigments<br>Poterie montée au colombin par les femmes.<br>Technique cf 71.1940.8.46.",Pour puiser l'eau dans la jarre.,1940,,,,Aït Berdjal < Algérie < Maghreb < Afrique septentrionale < Afrique,https://collections.quaibranly.fr/cc/imageproxy.ashx?server=localhost&port=15012&filename=Objets/Images/036/36529.jpg&cache=yes,https://collections.quaibranly.fr/#/objet/36529
qb:36530,qb,36530,Jarre,Jarre,Afrique du Nord et Moyen-Orient,Aït Mahmoud,première moitié du 20e siècle,première moitié du 20e siècle,"Terre cuite, pigments<br>Poterie montée au colombin par les femmes.",Jarre de fillette. Se porte sur le dos pour ramener l'eau de la source.,1940,,,,Aït Berdjal < Algérie < Maghreb < Afrique septentrionale < Afrique,https://collections.quaibranly.fr/cc/imageproxy.ashx?server=localhost&port=15012&filename=Objets/Images/036/36530.jpg&cache=yes,https://collections.quaibranly.fr/#/objet/36530
qb:36531,qb,36531,Pot,Pot,Afrique du Nord et Moyen-Orient,Kabyle,première moitié du 20e siècle,première moitié du 20e siècle,"Terre cuite, pigments<br>Poterie montée au colombin par les femmes.<br>Technique cf 71.1940-8-46",Sert à puiser l'eau dans la jarre où on la conserve.,1940,,,,Aït Berdjal < Algérie < Maghreb < Afrique septentrionale < Afrique,https://collections.quaibranly.fr/cc/imageproxy.ashx?server=localhost&port=15012&filename=Objets/Images/036/36531.jpg&cache=yes,https://collections.quaibranly.fr/#/objet/36531
qb:36532,qb,36532,Pot,Pot,Afrique du Nord et Moyen-Orient,Aït Mahmoud,première moitié du 20e siècle,première moitié du 20e siècle,"Terre cuite, pigments<br>Poterie montée au colombin par les femmes.",Sert à puiser l'eau dans la jarre.,1940,,,,Aït Berdjal < Algérie < Maghreb < Afrique septentrionale < Afrique,https://collections.quaibranly.fr/cc/imageproxy.ashx?server=localhost&port=15012&filename=Objets/Images/036/36532.jpg&cache=yes,https://collections.quaibranly.fr/#/objet/36532
qb:36533,qb,36533,Gargoulette,Gargoulette,Afrique du Nord et Moyen-Orient,Kabyle,première moitié du 20e siècle,première moitié du 20e siècle,"Terre cuite, pigments<br>Poterie montée au colombin par les femmes.",Sert à boire à la régalade.,1940,,,,Aït Berdjal < Algérie < Maghreb < Afrique septentrionale < Afrique,https://collections.quaibranly.fr/cc/imageproxy.ashx?server=localhost&port=15012&filename=Objets/Images/036/36533.jpg&cache=yes,https://collections.quaibranly.fr/#/objet/36533
qb:39822,qb,39822,Amulette,Amulette,Afrique du Nord et Moyen-Orient,Beni Zid,20e siècle,20e siècle,Bois d'éphéda,"Elément protecteur de la parure masculine et féminine employé pour lutter contre la migraine et les névralgies. Cette amulette est "" suspendue aux boucles d'oreilles des femmes, à la chéchia des hommes ou associée aux talismans de toute sorte que portent adultes et enfants""Cf. 71.1960.136.9",1966,,,,Tunisie < Maghreb < Afrique septentrionale < Afrique,https://collections.quaibranly.fr/cc/imageproxy.ashx?server=localhost&port=15012&filename=Objets/Images/039/39822.jpg&cache=yes,https://collections.quaibranly.fr/#/objet/39822
qb:53236,qb,53236,Peigne de protection contre les maladies,Peigne de protection contre les maladies,Asie,Sakai,début du 20e siècle,début du 20e siècle,Bambou gravé,"Emploi d'une variété de bambou très haute appelée ""Semeng"". La partie entre deux noeuds, bien séchée, est coupée à cet usage. Des lignes circulaires doubles sont tracées sur cette pièce, elles divisent le décor. 5 ou 6 peignes peuvent en être obtenus. Fait et décoré par les hommes : des lignes circulaires sont tracées pour déterminer les dessins. Le dessin est incisé et frotté avec du charbon : de bois sec, la pièce est chauffée et on coule de la cire dessus avec l'aide d'une étoffe d'écorce. La cire fixe le charbon de bois et les incisions et nettoie les parties non incisées. Le bambou est alors évidé. L'intervalle entre les dents est marqué d'une incision en hauteur et à la base du décor, puis évidé de l'intérieur. Le bord des dents est alors poli. Faits et portés dans les parties centrales et montagneuses par les femmes. Ce type à dents, d'après Skeat, est particulier à la Région de l'Est du Pangan. Il est destiné à protéger les femmes contre les maladies. Elles en portent 8 et même 16 qui sont disposés sur deux rangs. Le choix d'un peigne dépend de la maladie qui sévit à ce moment dans le pays. Les dessins qui les décorent ont le pouvoir magique d'écarter certaines maladies redoutées. Vaughan Stevens a établi une théorie, commentée et controversée par Skeat & Blagden, sur le rapport entre les dessins et les fleurs qui s'épanouissent à l'époque de la maladie qu'il s'agit d'éviter. Il voit dans le panneau central le motif le plus important et plus particulièrement destiné a combattre la maladie. Les autres panneaux n'étant que des motifs simplifiés de celui-ci.",1934,,,,Pahang (état) < Malaisie < Asie,https://collections.quaibranly.fr/cc/imageproxy.ashx?server=localhost&port=15012&filename=Objets/Images/053/53236.jpg&cache=yes,https://collections.quaibranly.fr/#/objet/53236
qb:53237,qb,53237,Peigne de protection contre les maladies,Peigne de protection contre les maladies,Asie,Sakai,début du 20e siècle,début du 20e siècle,Bambou gravé,"Emploi d'une variété de bambou très haute appelée ""Semeng"". La partie entre deux noeuds, bien séchée, est coupée à cet usage. Des lignes circulaires doubles sont tracées sur cette pièce, elles divisent le décor. 5 ou 6 peignes peuvent en être obtenus. Fait et décoré par les hommes : des lignes circulaires sont tracées pour déterminer les dessins. Le dessin est incisé et frotté avec du charbon : de bois sec, la pièce est chauffée et on coule de la cire dessus avec l'aide d'une étoffe d'écorce. La cire fixe le charbon de bois et les incisions et nettoie les parties non incisées. Le bambou est alors évidé. L'intervalle entre les dents est marqué d'une incision en hauteur et à la base du décor, puis évidé de l'intérieur. Le bord des dents est alors poli. Faits et portés dans les parties centrales et montagneuses par les femmes. Ce type à dents, d'après Skeat, est particulier à la Région de l'Est du Pangan. Il est destiné à protéger les femmes contre les maladies. Elles en portent 8 et même 16 qui sont disposés sur deux rangs. Le choix d'un peigne dépend de la maladie qui sévit à ce moment dans le pays. Les dessins qui les décorent ont le pouvoir magique d'écarter certaines maladies redoutées. Vaughan Stevens a établi une théorie, commentée et controversée par Skeat & Blagden, sur le rapport entre les dessins et les fleurs qui s'épanouissent à l'époque de la maladie qu'il s'agit d'éviter. Il voit dans le panneau central le motif le plus important et plus particulièrement destiné a combattre la maladie. Les autres panneaux n'étant que des motifs simplifiés de celui-ci.",1934,,,,Pahang (état) < Malaisie < Asie,https://collections.quaibranly.fr/cc/imageproxy.ashx?server=localhost&port=15012&filename=Objets/Images/053/53237.jpg&cache=yes,https://collections.quaibranly.fr/#/objet/53237
qb:53238,qb,53238,Peigne de protection contre les maladies,Peigne de protection contre les maladies,Asie,Sakai,début du 20e siècle,début du 20e siècle,Bambou gravé.,"Emploi d'une variété de bambou très haute appelée ""Semeng"". La partie entre deux noeuds, bien séchée, est coupée à cet usage. Des lignes circulaires doubles sont tracées sur cette pièce, elles divisent le décor. 5 ou 6 peignes peuvent en être obtenus. Fait et décoré par les hommes : des lignes circulaires sont tracées pour déterminer les dessins. Le dessin est incisé et frotté avec du charbon : de bois sec, la pièce est chauffée et on coule de la cire dessus avec l'aide d'une étoffe d'écorce. La cire fixe le charbon de bois et les incisions et nettoie les parties non incisées. Le bambou est alors évidé. L'intervalle entre les dents est marqué d'une incision en hauteur et à la base du décor, puis évidé de l'intérieur. Le bord des dents est alors poli. Faits et portés dans les parties centrales et montagneuses par les femmes. Ce type à dents, d'après Skeat, est particulier à la Région de l'Est du Pangan. Il est destiné à protéger les femmes contre les maladies. Elles en portent 8 et même 16 qui sont disposés sur deux rangs. Le choix d'un peigne dépend de la maladie qui sévit à ce moment dans le pays. Les dessins qui les décorent ont le pouvoir magique d'écarter certaines maladies redoutées. Vaughan Stevens a établi une théorie, commentée et controversée par Skeat & Blagden, sur le rapport entre les dessins et les fleurs qui s'épanouissent à l'époque de la maladie qu'il s'agit d'éviter. Il voit dans le panneau central le motif le plus important et plus particulièrement destiné a combattre la maladie. Les autres panneaux n'étant que des motifs simplifiés de celui-ci.",1934,,,,Pahang (état) < Malaisie < Asie,https://collections.quaibranly.fr/cc/imageproxy.ashx?server=localhost&port=15012&filename=Objets/Images/053/53238.jpg&cache=yes,https://collections.quaibranly.fr/#/objet/53238
qb:53239,qb,53239,Peigne de protection contre les maladies,Peigne de protection contre les maladies,Asie,Sakai,début du 20e siècle,début du 20e siècle,Bambou gravé.,"Emploi d'une variété de bambou très haute appelée ""Semeng"". La partie entre deux noeuds, bien séchée, est coupée à cet usage. Des lignes circulaires doubles sont tracées sur cette pièce, elles divisent le décor. 5 ou 6 peignes peuvent en être obtenus. Fait et décoré par les hommes : des lignes circulaires sont tracées pour déterminer les dessins. Le dessin est incisé et frotté avec du charbon : de bois sec, la pièce est chauffée et on coule de la cire dessus avec l'aide d'une étoffe d'écorce. La cire fixe le charbon de bois et les incisions et nettoie les parties non incisées. Le bambou est alors évidé. L'intervalle entre les dents est marqué d'une incision en hauteur et à la base du décor, puis évidé de l'intérieur. Le bord des dents est alors poli. Faits et portés dans les parties centrales et montagneuses par les femmes. Ce type à dents, d'après Skeat, est particulier à la Région de l'Est du Pangan. Il est destiné à protéger les femmes contre les maladies. Elles en portent 8 et même 16 qui sont disposés sur deux rangs. Le choix d'un peigne dépend de la maladie qui sévit à ce moment dans le pays. Les dessins qui les décorent ont le pouvoir magique d'écarter certaines maladies redoutées. Vaughan Stevens a établi une théorie, commentée et controversée par Skeat & Blagden, sur le rapport entre les dessins et les fleurs qui s'épanouissent à l'époque de la maladie qu'il s'agit d'éviter. Il voit dans le panneau central le motif le plus important et plus particulièrement destiné a combattre la maladie. Les autres panneaux n'étant que des motifs simplifiés de celui-ci.",1934,,,,Pahang (état) < Malaisie < Asie,https://collections.quaibranly.fr/cc/imageproxy.ashx?server=localhost&port=15012&filename=Objets/Images/053/53239.jpg&cache=yes,https://collections.quaibranly.fr/#/objet/53239
qb:53240,qb,53240,Peigne de protection contre les maladies,Peigne de protection contre les maladies,Asie,Sakai,début du 20e siècle,début du 20e siècle,Bambou gravé.,"Emploi d'une variété de bambou très haute appelée ""Semeng"". La partie entre deux noeuds, bien séchée, est coupée à cet usage. Des lignes circulaires doubles sont tracées sur cette pièce, elles divisent le décor. 5 ou 6 peignes peuvent en être obtenus. Fait et décoré par les hommes : des lignes circulaires sont tracées pour déterminer les dessins. Le dessin est incisé et frotté avec du charbon : de bois sec, la pièce est chauffée et on coule de la cire dessus avec l'aide d'une étoffe d'écorce. La cire fixe le charbon de bois et les incisions et nettoie les parties non incisées. Le bambou est alors évidé. L'intervalle entre les dents est marqué d'une incision en hauteur et à la base du décor, puis évidé de l'intérieur. Le bord des dents est alors poli. Faits et portés dans les parties centrales et montagneuses par les femmes. Ce type à dents, d'après Skeat, est particulier à la Région de l'Est du Pangan. Il est destiné à protéger les femmes contre les maladies. Elles en portent 8 et même 16 qui sont disposés sur deux rangs. Le choix d'un peigne dépend de la maladie qui sévit à ce moment dans le pays. Les dessins qui les décorent ont le pouvoir magique d'écarter certaines maladies redoutées. Vaughan Stevens a établi une théorie, commentée et controversée par Skeat & Blagden, sur le rapport entre les dessins et les fleurs qui s'épanouissent à l'époque de la maladie qu'il s'agit d'éviter. Il voit dans le panneau central le motif le plus important et plus particulièrement destiné a combattre la maladie. Les autres panneaux n'étant que des motifs simplifiés de celui-ci.",1934,,,,Pahang (état) < Malaisie < Asie,https://collections.quaibranly.fr/cc/imageproxy.ashx?server=localhost&port=15012&filename=Objets/Images/053/53240.jpg&cache=yes,https://collections.quaibranly.fr/#/objet/53240
qb:53241,qb,53241,Peigne de protection contre les maladies,Peigne de protection contre les maladies,Asie,Sakai,début du 20e siècle,début du 20e siècle,Bambou gravé.,"Emploi d'une variété de bambou très haute appelée ""Semeng"". La partie entre deux noeuds, bien séchée, est coupée à cet usage. Des lignes circulaires doubles sont tracées sur cette pièce, elles divisent le décor. 5 ou 6 peignes peuvent en être obtenus. Fait et décoré par les hommes : des lignes circulaires sont tracées pour déterminer les dessins. Le dessin est incisé et frotté avec du charbon : de bois sec, la pièce est chauffée et on coule de la cire dessus avec l'aide d'une étoffe d'écorce. La cire fixe le charbon de bois et les incisions et nettoie les parties non incisées. Le bambou est alors évidé. L'intervalle entre les dents est marqué d'une incision en hauteur et à la base du décor, puis évidé de l'intérieur. Le bord des dents est alors poli. Faits et portés dans les parties centrales et montagneuses par les femmes. Ce type à dents, d'après Skeat, est particulier à la Région de l'Est du Pangan. Il est destiné à protéger les femmes contre les maladies. Elles en portent 8 et même 16 qui sont disposés sur deux rangs. Le choix d'un peigne dépend de la maladie qui sévit à ce moment dans le pays. Les dessins qui les décorent ont le pouvoir magique d'écarter certaines maladies redoutées. Vaughan Stevens a établi une théorie, commentée et controversée par Skeat & Blagden, sur le rapport entre les dessins et les fleurs qui s'épanouissent à l'époque de la maladie qu'il s'agit d'éviter. Il voit dans le panneau central le motif le plus important et plus particulièrement destiné a combattre la maladie. Les autres panneaux n'étant que des motifs simplifiés de celui-ci.",1934,,,,Pahang (état) < Malaisie < Asie,https://collections.quaibranly.fr/cc/imageproxy.ashx?server=localhost&port=15012&filename=Objets/Images/053/53241.jpg&cache=yes,https://collections.quaibranly.fr/#/objet/53241
qb:53242,qb,53242,Peigne de protection contre les maladies,Peigne de protection contre les maladies,Asie,Sakai,début du 20e siècle,début du 20e siècle,Bambou gravé.,"Emploi d'une variété de bambou très haute appelée ""Semeng"". La partie entre deux noeuds, bien séchée, est coupée à cet usage. Des lignes circulaires doubles sont tracées sur cette pièce, elles divisent le décor. 5 ou 6 peignes peuvent en être obtenus. Fait et décoré par les hommes : des lignes circulaires sont tracées pour déterminer les dessins. Le dessin est incisé et frotté avec du charbon : de bois sec, la pièce est chauffée et on coule de la cire dessus avec l'aide d'une étoffe d'écorce. La cire fixe le charbon de bois et les incisions et nettoie les parties non incisées. Le bambou est alors évidé. L'intervalle entre les dents est marqué d'une incision en hauteur et à la base du décor, puis évidé de l'intérieur. Le bord des dents est alors poli. Faits et portés dans les parties centrales et montagneuses par les femmes. Ce type à dents, d'après Skeat, est particulier à la Région de l'Est du Pangan. Il est destiné à protéger les femmes contre les maladies. Elles en portent 8 et même 16 qui sont disposés sur deux rangs. Le choix d'un peigne dépend de la maladie qui sévit à ce moment dans le pays. Les dessins qui les décorent ont le pouvoir magique d'écarter certaines maladies redoutées. Vaughan Stevens a établi une théorie, commentée et controversée par Skeat & Blagden, sur le rapport entre les dessins et les fleurs qui s'épanouissent à l'époque de la maladie qu'il s'agit d'éviter. Il voit dans le panneau central le motif le plus important et plus particulièrement destiné a combattre la maladie. Les autres panneaux n'étant que des motifs simplifiés de celui-ci.",1934,,,,Perak (état) < Malaisie < Asie,https://collections.quaibranly.fr/cc/imageproxy.ashx?server=localhost&port=15012&filename=Objets/Images/053/53242.jpg&cache=yes,https://collections.quaibranly.fr/#/objet/53242
qb:53243,qb,53243,Peigne de protection contre les maladies,Peigne de protection contre les maladies,Asie,Sakai,début du 20e siècle,début du 20e siècle,Bambou gravé.,"Emploi d'une variété de bambou très haute appelée ""Semeng"". La partie entre deux noeuds, bien séchée, est coupée à cet usage. Des lignes circulaires doubles sont tracées sur cette pièce, elles divisent le décor. 5 ou 6 peignes peuvent en être obtenus. Fait et décoré par les hommes : des lignes circulaires sont tracées pour déterminer les dessins. Le dessin est incisé et frotté avec du charbon : de bois sec, la pièce est chauffée et on coule de la cire dessus avec l'aide d'une étoffe d'écorce. La cire fixe le charbon de bois et les incisions et nettoie les parties non incisées. Le bambou est alors évidé. L'intervalle entre les dents est marqué d'une incision en hauteur et à la base du décor, puis évidé de l'intérieur. Le bord des dents est alors poli. Faits et portés dans les parties centrales et montagneuses par les femmes. Ce type à dents, d'après Skeat, est particulier à la Région de l'Est du Pangan. Il est destiné à protéger les femmes contre les maladies. Elles en portent 8 et même 16 qui sont disposés sur deux rangs. Le choix d'un peigne dépend de la maladie qui sévit à ce moment dans le pays. Les dessins qui les décorent ont le pouvoir magique d'écarter certaines maladies redoutées. Vaughan Stevens a établi une théorie, commentée et controversée par Skeat & Blagden, sur le rapport entre les dessins et les fleurs qui s'épanouissent à l'époque de la maladie qu'il s'agit d'éviter. Il voit dans le panneau central le motif le plus important et plus particulièrement destiné a combattre la maladie. Les autres panneaux n'étant que des motifs simplifiés de celui-ci.",1934,,,,Perak (état) < Malaisie < Asie,https://collections.quaibranly.fr/cc/imageproxy.ashx?server=localhost&port=15012&filename=Objets/Images/053/53243.jpg&cache=yes,https://collections.quaibranly.fr/#/objet/53243
qb:53244,qb,53244,Peigne de protection contre les maladies,Peigne de protection contre les maladies,Asie,Sakai,début du 20e siècle,début du 20e siècle,Bambou gravé.,"Emploi d'une variété de bambou très haute appelée ""Semeng"". La partie entre deux noeuds, bien séchée, est coupée à cet usage. Des lignes circulaires doubles sont tracées sur cette pièce, elles divisent le décor. 5 ou 6 peignes peuvent en être obtenus. Fait et décoré par les hommes : des lignes circulaires sont tracées pour déterminer les dessins. Le dessin est incisé et frotté avec du charbon : de bois sec, la pièce est chauffée et on coule de la cire dessus avec l'aide d'une étoffe d'écorce. La cire fixe le charbon de bois et les incisions et nettoie les parties non incisées. Le bambou est alors évidé. L'intervalle entre les dents est marqué d'une incision en hauteur et à la base du décor, puis évidé de l'intérieur. Le bord des dents est alors poli. Faits et portés dans les parties centrales et montagneuses par les femmes. Ce type à dents, d'après Skeat, est particulier à la Région de l'Est du Pangan. Il est destiné à protéger les femmes contre les maladies. Elles en portent 8 et même 16 qui sont disposés sur deux rangs. Le choix d'un peigne dépend de la maladie qui sévit à ce moment dans le pays. Les dessins qui les décorent ont le pouvoir magique d'écarter certaines maladies redoutées. Vaughan Stevens a établi une théorie, commentée et controversée par Skeat & Blagden, sur le rapport entre les dessins et les fleurs qui s'épanouissent à l'époque de la maladie qu'il s'agit d'éviter. Il voit dans le panneau central le motif le plus important et plus particulièrement destiné a combattre la maladie. Les autres panneaux n'étant que des motifs simplifiés de celui-ci.",1934,,,,Perak (état) < Malaisie < Asie,https://collections.quaibranly.fr/cc/imageproxy.ashx?server=localhost&port=15012&filename=Objets/Images/053/53244.jpg&cache=yes,https://collections.quaibranly.fr/#/objet/53244
qb:53245,qb,53245,Peigne de protection contre les maladies,Peigne de protection contre les maladies,Asie,Sakai,début du 20e siècle,début du 20e siècle,Bambou gravé.,"Emploi d'une variété de bambou très haute appelée ""Semeng"". La partie entre deux noeuds, bien séchée, est coupée à cet usage. Des lignes circulaires doubles sont tracées sur cette pièce, elles divisent le décor. 5 ou 6 peignes peuvent en être obtenus. Fait et décoré par les hommes : des lignes circulaires sont tracées pour déterminer les dessins. Le dessin est incisé et frotté avec du charbon : de bois sec, la pièce est chauffée et on coule de la cire dessus avec l'aide d'une étoffe d'écorce. La cire fixe le charbon de bois et les incisions et nettoie les parties non incisées. Le bambou est alors évidé. L'intervalle entre les dents est marqué d'une incision en hauteur et à la base du décor, puis évidé de l'intérieur. Le bord des dents est alors poli. Faits et portés dans les parties centrales et montagneuses par les femmes. Ce type à dents, d'après Skeat, est particulier à la Région de l'Est du Pangan. Il est destiné à protéger les femmes contre les maladies. Elles en portent 8 et même 16 qui sont disposés sur deux rangs. Le choix d'un peigne dépend de la maladie qui sévit à ce moment dans le pays. Les dessins qui les décorent ont le pouvoir magique d'écarter certaines maladies redoutées. Vaughan Stevens a établi une théorie, commentée et controversée par Skeat & Blagden, sur le rapport entre les dessins et les fleurs qui s'épanouissent à l'époque de la maladie qu'il s'agit d'éviter. Il voit dans le panneau central le motif le plus important et plus particulièrement destiné a combattre la maladie. Les autres panneaux n'étant que des motifs simplifiés de celui-ci.",1934,,,,Perak (état) < Malaisie < Asie,https://collections.quaibranly.fr/cc/imageproxy.ashx?server=localhost&port=15012&filename=Objets/Images/053/53245.jpg&cache=yes,https://collections.quaibranly.fr/#/objet/53245
qb:53246,qb,53246,Peigne de protection contre les maladies,Peigne de protection contre les maladies,Asie,Sakai,début du 20e siècle,début du 20e siècle,Bambou gravé.,"Emploi d'une variété de bambou très haute appelée ""Semeng"". La partie entre deux noeuds, bien séchée, est coupée à cet usage. Des lignes circulaires doubles sont tracées sur cette pièce, elles divisent le décor. 5 ou 6 peignes peuvent en être obtenus. Fait et décoré par les hommes : des lignes circulaires sont tracées pour déterminer les dessins. Le dessin est incisé et frotté avec du charbon : de bois sec, la pièce est chauffée et on coule de la cire dessus avec l'aide d'une étoffe d'écorce. La cire fixe le charbon de bois et les incisions et nettoie les parties non incisées. Le bambou est alors évidé. L'intervalle entre les dents est marqué d'une incision en hauteur et à la base du décor, puis évidé de l'intérieur. Le bord des dents est alors poli. Faits et portés dans les parties centrales et montagneuses par les femmes. Ce type à dents, d'après Skeat, est particulier à la Région de l'Est du Pangan. Il est destiné à protéger les femmes contre les maladies. Elles en portent 8 et même 16 qui sont disposés sur deux rangs. Le choix d'un peigne dépend de la maladie qui sévit à ce moment dans le pays. Les dessins qui les décorent ont le pouvoir magique d'écarter certaines maladies redoutées. Vaughan Stevens a établi une théorie, commentée et controversée par Skeat & Blagden, sur le rapport entre les dessins et les fleurs qui s'épanouissent à l'époque de la maladie qu'il s'agit d'éviter. Il voit dans le panneau central le motif le plus important et plus particulièrement destiné a combattre la maladie. Les autres panneaux n'étant que des motifs simplifiés de celui-ci.",1934,,,,Pahang (état) < Malaisie < Asie,https://collections.quaibranly.fr/cc/imageproxy.ashx?server=localhost&port=15012&filename=Objets/Images/053/53246.jpg&cache=yes,https://collections.quaibranly.fr/#/objet/53246
qb:53247,qb,53247,Peigne de protection contre les maladies,Peigne de protection contre les maladies,Asie,Sakai,début du 20e siècle,début du 20e siècle,Bambou gravé.,"Emploi d'une variété de bambou très haute appelée ""Semeng"". La partie entre deux noeuds, bien séchée, est coupée à cet usage. Des lignes circulaires doubles sont tracées sur cette pièce, elles divisent le décor. 5 ou 6 peignes peuvent en être obtenus. Fait et décoré par les hommes : des lignes circulaires sont tracées pour déterminer les dessins. Le dessin est incisé et frotté avec du charbon : de bois sec, la pièce est chauffée et on coule de la cire dessus avec l'aide d'une étoffe d'écorce. La cire fixe le charbon de bois et les incisions et nettoie les parties non incisées. Le bambou est alors évidé. L'intervalle entre les dents est marqué d'une incision en hauteur et à la base du décor, puis évidé de l'intérieur. Le bord des dents est alors poli. Faits et portés dans les parties centrales et montagneuses par les femmes. Ce type à dents, d'après Skeat, est particulier à la Région de l'Est du Pangan. Il est destiné à protéger les femmes contre les maladies. Elles en portent 8 et même 16 qui sont disposés sur deux rangs. Le choix d'un peigne dépend de la maladie qui sévit à ce moment dans le pays. Les dessins qui les décorent ont le pouvoir magique d'écarter certaines maladies redoutées. Vaughan Stevens a établi une théorie, commentée et controversée par Skeat & Blagden, sur le rapport entre les dessins et les fleurs qui s'épanouissent à l'époque de la maladie qu'il s'agit d'éviter. Il voit dans le panneau central le motif le plus important et plus particulièrement destiné a combattre la maladie. Les autres panneaux n'étant que des motifs simplifiés de celui-ci.",1934,,,,Pahang (état) < Malaisie < Asie,https://collections.quaibranly.fr/cc/imageproxy.ashx?server=localhost&port=15012&filename=Objets/Images/053/53247.jpg&cache=yes,https://collections.quaibranly.fr/#/objet/53247
qb:53248,qb,53248,Peigne de protection contre les maladies,Peigne de protection contre les maladies,Asie,Sakai,début du 20e siècle,début du 20e siècle,Bambou gravé.,"Emploi d'une variété de bambou très haute appelée ""Semeng"". La partie entre deux noeuds, bien séchée, est coupée à cet usage. Des lignes circulaires doubles sont tracées sur cette pièce, elles divisent le décor. 5 ou 6 peignes peuvent en être obtenus. Fait et décoré par les hommes : des lignes circulaires sont tracées pour déterminer les dessins. Le dessin est incisé et frotté avec du charbon : de bois sec, la pièce est chauffée et on coule de la cire dessus avec l'aide d'une étoffe d'écorce. La cire fixe le charbon de bois et les incisions et nettoie les parties non incisées. Le bambou est alors évidé. L'intervalle entre les dents est marqué d'une incision en hauteur et à la base du décor, puis évidé de l'intérieur. Le bord des dents est alors poli. Faits et portés dans les parties centrales et montagneuses par les femmes. Ce type à dents, d'après Skeat, est particulier à la Région de l'Est du Pangan. Il est destiné à protéger les femmes contre les maladies. Elles en portent 8 et même 16 qui sont disposés sur deux rangs. Le choix d'un peigne dépend de la maladie qui sévit à ce moment dans le pays. Les dessins qui les décorent ont le pouvoir magique d'écarter certaines maladies redoutées. Vaughan Stevens a établi une théorie, commentée et controversée par Skeat & Blagden, sur le rapport entre les dessins et les fleurs qui s'épanouissent à l'époque de la maladie qu'il s'agit d'éviter. Il voit dans le panneau central le motif le plus important et plus particulièrement destiné a combattre la maladie. Les autres panneaux n'étant que des motifs simplifiés de celui-ci.",1934,,,,Pahang (état) < Malaisie < Asie,https://collections.quaibranly.fr/cc/imageproxy.ashx?server=localhost&port=15012&filename=Objets/IDENTIFICATION_OBJETS/Photos_YMAGO/000000/53248y.jpg&cache=yes,https://collections.quaibranly.fr/#/objet/53248
qb:53249,qb,53249,Peigne de protection contre les maladies,Peigne de protection contre les maladies,Asie,Sakai,début du 20e siècle,début du 20e siècle,Bambou gravé.,"Emploi d'une variété de bambou très haute appelée ""Semeng"". La partie entre deux noeuds, bien séchée, est coupée à cet usage. Des lignes circulaires doubles sont tracées sur cette pièce, elles divisent le décor. 5 ou 6 peignes peuvent en être obtenus. Fait et décoré par les hommes : des lignes circulaires sont tracées pour déterminer les dessins. Le dessin est incisé et frotté avec du charbon : de bois sec, la pièce est chauffée et on coule de la cire dessus avec l'aide d'une étoffe d'écorce. La cire fixe le charbon de bois et les incisions et nettoie les parties non incisées. Le bambou est alors évidé. L'intervalle entre les dents est marqué d'une incision en hauteur et à la base du décor, puis évidé de l'intérieur. Le bord des dents est alors poli. Faits et portés dans les parties centrales et montagneuses par les femmes. Ce type à dents, d'après Skeat, est particulier à la Région de l'Est du Pangan. Il est destiné à protéger les femmes contre les maladies. Elles en portent 8 et même 16 qui sont disposés sur deux rangs. Le choix d'un peigne dépend de la maladie qui sévit à ce moment dans le pays. Les dessins qui les décorent ont le pouvoir magique d'écarter certaines maladies redoutées. Vaughan Stevens a établi une théorie, commentée et controversée par Skeat & Blagden, sur le rapport entre les dessins et les fleurs qui s'épanouissent à l'époque de la maladie qu'il s'agit d'éviter. Il voit dans le panneau central le motif le plus important et plus particulièrement destiné a combattre la maladie. Les autres panneaux n'étant que des motifs simplifiés de celui-ci.",1934,,,,Pahang (état) < Malaisie < Asie,https://collections.quaibranly.fr/cc/imageproxy.ashx?server=localhost&port=15012&filename=Objets/Images/053/53249.jpg&cache=yes,https://collections.quaibranly.fr/#/objet/53249
qb:53250,qb,53250,Peigne de protection contre les maladies,Peigne de protection contre les maladies,Asie,Sakai,début du 20e siècle,début du 20e siècle,Bambou gravé.,"Emploi d'une variété de bambou très haute appelée ""Semeng"". La partie entre deux noeuds, bien séchée, est coupée à cet usage. Des lignes circulaires doubles sont tracées sur cette pièce, elles divisent le décor. 5 ou 6 peignes peuvent en être obtenus. Fait et décoré par les hommes : des lignes circulaires sont tracées pour déterminer les dessins. Le dessin est incisé et frotté avec du charbon : de bois sec, la pièce est chauffée et on coule de la cire dessus avec l'aide d'une étoffe d'écorce. La cire fixe le charbon de bois et les incisions et nettoie les parties non incisées. Le bambou est alors évidé. L'intervalle entre les dents est marqué d'une incision en hauteur et à la base du décor, puis évidé de l'intérieur. Le bord des dents est alors poli. Faits et portés dans les parties centrales et montagneuses par les femmes. Ce type à dents, d'après Skeat, est particulier à la Région de l'Est du Pangan. Il est destiné à protéger les femmes contre les maladies. Elles en portent 8 et même 16 qui sont disposés sur deux rangs. Le choix d'un peigne dépend de la maladie qui sévit à ce moment dans le pays. Les dessins qui les décorent ont le pouvoir magique d'écarter certaines maladies redoutées. Vaughan Stevens a établi une théorie, commentée et controversée par Skeat & Blagden, sur le rapport entre les dessins et les fleurs qui s'épanouissent à l'époque de la maladie qu'il s'agit d'éviter. Il voit dans le panneau central le motif le plus important et plus particulièrement destiné a combattre la maladie. Les autres panneaux n'étant que des motifs simplifiés de celui-ci.",1934,,,,Pahang (état) < Malaisie < Asie,https://collections.quaibranly.fr/cc/imageproxy.ashx?server=localhost&port=15012&filename=Objets/Images/053/53250.jpg&cache=yes,https://collections.quaibranly.fr/#/objet/53250
qb:53251,qb,53251,Peigne de protection contre les maladies,Peigne de protection contre les maladies,Asie,Sakai,début du 20e siècle,début du 20e siècle,Bois,"Emploi d'une variété de bambou très haute appelée ""Semeng"". La partie entre deux noeuds, bien séchée, est coupée à cet usage. Des lignes circulaires doubles sont tracées sur cette pièce, elles divisent le décor. 5 ou 6 peignes peuvent en être obtenus. Fait et décoré par les hommes : des lignes circulaires sont tracées pour déterminer les dessins. Le dessin est incisé et frotté avec du charbon : de bois sec, la pièce est chauffée et on coule de la cire dessus avec l'aide d'une étoffe d'écorce. La cire fixe le charbon de bois et les incisions et nettoie les parties non incisées. Le bambou est alors évidé. L'intervalle entre les dents est marqué d'une incision en hauteur et à la base du décor, puis évidé de l'intérieur. Le bord des dents est alors poli. Faits et portés dans les parties centrales et montagneuses par les femmes. Ce type à dents, d'après Skeat, est particulier à la Région de l'Est du Pangan. Il est destiné à protéger les femmes contre les maladies. Elles en portent 8 et même 16 qui sont disposés sur deux rangs. Le choix d'un peigne dépend de la maladie qui sévit à ce moment dans le pays. Les dessins qui les décorent ont le pouvoir magique d'écarter certaines maladies redoutées. Vaughan Stevens a établi une théorie, commentée et controversée par Skeat & Blagden, sur le rapport entre les dessins et les fleurs qui s'épanouissent à l'époque de la maladie qu'il s'agit d'éviter. Il voit dans le panneau central le motif le plus important et plus particulièrement destiné a combattre la maladie. Les autres panneaux n'étant que des motifs simplifiés de celui-ci.",1934,,,,Pahang (état) < Malaisie < Asie,https://collections.quaibranly.fr/cc/imageproxy.ashx?server=localhost&port=15012&filename=Objets/Images/053/53251.jpg&cache=yes,https://collections.quaibranly.fr/#/objet/53251
qb:53252,qb,53252,Peigne de protection contre les maladies,Peigne de protection contre les maladies,Asie,Sakai,début du 20e siècle,début du 20e siècle,Bois,"Emploi d'une variété de bambou très haute appelée ""Semeng"". La partie entre deux noeuds, bien séchée, est coupée à cet usage. Des lignes circulaires doubles sont tracées sur cette pièce, elles divisent le décor. 5 ou 6 peignes peuvent en être obtenus. Fait et décoré par les hommes : des lignes circulaires sont tracées pour déterminer les dessins. Le dessin est incisé et frotté avec du charbon : de bois sec, la pièce est chauffée et on coule de la cire dessus avec l'aide d'une étoffe d'écorce. La cire fixe le charbon de bois et les incisions et nettoie les parties non incisées. Le bambou est alors évidé. L'intervalle entre les dents est marqué d'une incision en hauteur et à la base du décor, puis évidé de l'intérieur. Le bord des dents est alors poli. Faits et portés dans les parties centrales et montagneuses par les femmes. Ce type à dents, d'après Skeat, est particulier à la Région de l'Est du Pangan. Il est destiné à protéger les femmes contre les maladies. Elles en portent 8 et même 16 qui sont disposés sur deux rangs. Le choix d'un peigne dépend de la maladie qui sévit à ce moment dans le pays. Les dessins qui les décorent ont le pouvoir magique d'écarter certaines maladies redoutées. Vaughan Stevens a établi une théorie, commentée et controversée par Skeat & Blagden, sur le rapport entre les dessins et les fleurs qui s'épanouissent à l'époque de la maladie qu'il s'agit d'éviter. Il voit dans le panneau central le motif le plus important et plus particulièrement destiné a combattre la maladie. Les autres panneaux n'étant que des motifs simplifiés de celui-ci.",1934,,,,Pahang (état) < Malaisie < Asie,https://collections.quaibranly.fr/cc/imageproxy.ashx?server=localhost&port=15012&filename=Objets/Images/053/53252.jpg&cache=yes,https://collections.quaibranly.fr/#/objet/53252
qb:53253,qb,53253,Peigne de protection contre les maladies,Peigne de protection contre les maladies,Asie,Sakai,début du 20e siècle,début du 20e siècle,Bois,"Emploi d'une variété de bambou très haute appelée ""Semeng"". La partie entre deux noeuds, bien séchée, est coupée à cet usage. Des lignes circulaires doubles sont tracées sur cette pièce, elles divisent le décor. 5 ou 6 peignes peuvent en être obtenus. Fait et décoré par les hommes : des lignes circulaires sont tracées pour déterminer les dessins. Le dessin est incisé et frotté avec du charbon : de bois sec, la pièce est chauffée et on coule de la cire dessus avec l'aide d'une étoffe d'écorce. La cire fixe le charbon de bois et les incisions et nettoie les parties non incisées. Le bambou est alors évidé. L'intervalle entre les dents est marqué d'une incision en hauteur et à la base du décor, puis évidé de l'intérieur. Le bord des dents est alors poli. Faits et portés dans les parties centrales et montagneuses par les femmes. Ce type à dents, d'après Skeat, est particulier à la Région de l'Est du Pangan. Il est destiné à protéger les femmes contre les maladies. Elles en portent 8 et même 16 qui sont disposés sur deux rangs. Le choix d'un peigne dépend de la maladie qui sévit à ce moment dans le pays. Les dessins qui les décorent ont le pouvoir magique d'écarter certaines maladies redoutées. Vaughan Stevens a établi une théorie, commentée et controversée par Skeat & Blagden, sur le rapport entre les dessins et les fleurs qui s'épanouissent à l'époque de la maladie qu'il s'agit d'éviter. Il voit dans le panneau central le motif le plus important et plus particulièrement destiné a combattre la maladie. Les autres panneaux n'étant que des motifs simplifiés de celui-ci.",1934,,,,Pahang (état) < Malaisie < Asie,https://collections.quaibranly.fr/cc/imageproxy.ashx?server=localhost&port=15012&filename=Objets/Images/053/53253.jpg&cache=yes,https://collections.quaibranly.fr/#/objet/53253
qb:53254,qb,53254,Peigne de protection contre les maladies,Peigne de protection contre les maladies,Asie,Sakai,début du 20e siècle,début du 20e siècle,Bambou gravé.,"Emploi d'une variété de bambou très haute appelée ""Semeng"". La partie entre deux noeuds, bien séchée, est coupée à cet usage. Des lignes circulaires doubles sont tracées sur cette pièce, elles divisent le décor. 5 ou 6 peignes peuvent en être obtenus. Fait et décoré par les hommes : des lignes circulaires sont tracées pour déterminer les dessins. Le dessin est incisé et frotté avec du charbon : de bois sec, la pièce est chauffée et on coule de la cire dessus avec l'aide d'une étoffe d'écorce. La cire fixe le charbon de bois et les incisions et nettoie les parties non incisées. Le bambou est alors évidé. L'intervalle entre les dents est marqué d'une incision en hauteur et à la base du décor, puis évidé de l'intérieur. Le bord des dents est alors poli. Faits et portés dans les parties centrales et montagneuses par les femmes. Ce type à dents, d'après Skeat, est particulier à la Région de l'Est du Pangan. Il est destiné à protéger les femmes contre les maladies. Elles en portent 8 et même 16 qui sont disposés sur deux rangs. Le choix d'un peigne dépend de la maladie qui sévit à ce moment dans le pays. Les dessins qui les décorent ont le pouvoir magique d'écarter certaines maladies redoutées. Vaughan Stevens a établi une théorie, commentée et controversée par Skeat & Blagden, sur le rapport entre les dessins et les fleurs qui s'épanouissent à l'époque de la maladie qu'il s'agit d'éviter. Il voit dans le panneau central le motif le plus important et plus particulièrement destiné a combattre la maladie. Les autres panneaux n'étant que des motifs simplifiés de celui-ci.",1934,,,,Pahang (état) < Malaisie < Asie,https://collections.quaibranly.fr/cc/imageproxy.ashx?server=localhost&port=15012&filename=Objets/Images/053/53254.jpg&cache=yes,https://collections.quaibranly.fr/#/objet/53254
qb:53255,qb,53255,Peigne de protection contre les maladies,Peigne de protection contre les maladies,Asie,Sakai,début du 20e siècle,début du 20e siècle,Bambou gravé.,"Emploi d'une variété de bambou très haute appelée ""Semeng"". La partie entre deux noeuds, bien séchée, est coupée à cet usage. Des lignes circulaires doubles sont tracées sur cette pièce, elles divisent le décor. 5 ou 6 peignes peuvent en être obtenus. Fait et décoré par les hommes : des lignes circulaires sont tracées pour déterminer les dessins. Le dessin est incisé et frotté avec du charbon : de bois sec, la pièce est chauffée et on coule de la cire dessus avec l'aide d'une étoffe d'écorce. La cire fixe le charbon de bois et les incisions et nettoie les parties non incisées. Le bambou est alors évidé. L'intervalle entre les dents est marqué d'une incision en hauteur et à la base du décor, puis évidé de l'intérieur. Le bord des dents est alors poli. Faits et portés dans les parties centrales et montagneuses par les femmes. Ce type à dents, d'après Skeat, est particulier à la Région de l'Est du Pangan. Il est destiné à protéger les femmes contre les maladies. Elles en portent 8 et même 16 qui sont disposés sur deux rangs. Le choix d'un peigne dépend de la maladie qui sévit à ce moment dans le pays. Les dessins qui les décorent ont le pouvoir magique d'écarter certaines maladies redoutées. Vaughan Stevens a établi une théorie, commentée et controversée par Skeat & Blagden, sur le rapport entre les dessins et les fleurs qui s'épanouissent à l'époque de la maladie qu'il s'agit d'éviter. Il voit dans le panneau central le motif le plus important et plus particulièrement destiné a combattre la maladie. Les autres panneaux n'étant que des motifs simplifiés de celui-ci.",1934,,,,Pahang (état) < Malaisie < Asie,https://collections.quaibranly.fr/cc/imageproxy.ashx?server=localhost&port=15012&filename=Objets/Images/053/53255.jpg&cache=yes,https://collections.quaibranly.fr/#/objet/53255
qb:53256,qb,53256,Peigne de protection contre les maladies,Peigne de protection contre les maladies,Asie,Sakai,début du 20e siècle,début du 20e siècle,Bambou gravé.,"Emploi d'une variété de bambou très haute appelée ""Semeng"". La partie entre deux noeuds, bien séchée, est coupée à cet usage. Des lignes circulaires doubles sont tracées sur cette pièce, elles divisent le décor. 5 ou 6 peignes peuvent en être obtenus. Fait et décoré par les hommes : des lignes circulaires sont tracées pour déterminer les dessins. Le dessin est incisé et frotté avec du charbon : de bois sec, la pièce est chauffée et on coule de la cire dessus avec l'aide d'une étoffe d'écorce. La cire fixe le charbon de bois et les incisions et nettoie les parties non incisées. Le bambou est alors évidé. L'intervalle entre les dents est marqué d'une incision en hauteur et à la base du décor, puis évidé de l'intérieur. Le bord des dents est alors poli. Faits et portés dans les parties centrales et montagneuses par les femmes. Ce type à dents, d'après Skeat, est particulier à la Région de l'Est du Pangan. Il est destiné à protéger les femmes contre les maladies. Elles en portent 8 et même 16 qui sont disposés sur deux rangs. Le choix d'un peigne dépend de la maladie qui sévit à ce moment dans le pays. Les dessins qui les décorent ont le pouvoir magique d'écarter certaines maladies redoutées. Vaughan Stevens a établi une théorie, commentée et controversée par Skeat & Blagden, sur le rapport entre les dessins et les fleurs qui s'épanouissent à l'époque de la maladie qu'il s'agit d'éviter. Il voit dans le panneau central le motif le plus important et plus particulièrement destiné a combattre la maladie. Les autres panneaux n'étant que des motifs simplifiés de celui-ci.",1934,,,,Pahang (état) < Malaisie < Asie,https://collections.quaibranly.fr/cc/imageproxy.ashx?server=localhost&port=15012&filename=Objets/Images/053/53256.jpg&cache=yes,https://collections.quaibranly.fr/#/objet/53256
qb:53257,qb,53257,Peigne de protection contre les maladies,Peigne de protection contre les maladies,Asie,Sakai,début du 20e siècle,début du 20e siècle,Bambou gravé.,"Emploi d'une variété de bambou très haute appelée ""Semeng"". La partie entre deux noeuds, bien séchée, est coupée à cet usage. Des lignes circulaires doubles sont tracées sur cette pièce, elles divisent le décor. 5 ou 6 peignes peuvent en être obtenus. Fait et décoré par les hommes : des lignes circulaires sont tracées pour déterminer les dessins. Le dessin est incisé et frotté avec du charbon : de bois sec, la pièce est chauffée et on coule de la cire dessus avec l'aide d'une étoffe d'écorce. La cire fixe le charbon de bois et les incisions et nettoie les parties non incisées. Le bambou est alors évidé. L'intervalle entre les dents est marqué d'une incision en hauteur et à la base du décor, puis évidé de l'intérieur. Le bord des dents est alors poli. Faits et portés dans les parties centrales et montagneuses par les femmes. Ce type à dents, d'après Skeat, est particulier à la Région de l'Est du Pangan. Il est destiné à protéger les femmes contre les maladies. Elles en portent 8 et même 16 qui sont disposés sur deux rangs. Le choix d'un peigne dépend de la maladie qui sévit à ce moment dans le pays. Les dessins qui les décorent ont le pouvoir magique d'écarter certaines maladies redoutées. Vaughan Stevens a établi une théorie, commentée et controversée par Skeat & Blagden, sur le rapport entre les dessins et les fleurs qui s'épanouissent à l'époque de la maladie qu'il s'agit d'éviter. Il voit dans le panneau central le motif le plus important et plus particulièrement destiné a combattre la maladie. Les autres panneaux n'étant que des motifs simplifiés de celui-ci.",1934,,,,Pahang (état) < Malaisie < Asie,https://collections.quaibranly.fr/cc/imageproxy.ashx?server=localhost&port=15012&filename=Objets/Images/053/53257.jpg&cache=yes,https://collections.quaibranly.fr/#/objet/53257
qb:53258,qb,53258,Peigne de protection contre les maladies,Peigne de protection contre les maladies,Asie,Sakai,début du 20e siècle,début du 20e siècle,Bambou gravé.,"Emploi d'une variété de bambou très haute appelée ""Semeng"". La partie entre deux noeuds, bien séchée, est coupée à cet usage. Des lignes circulaires doubles sont tracées sur cette pièce, elles divisent le décor. 5 ou 6 peignes peuvent en être obtenus. Fait et décoré par les hommes : des lignes circulaires sont tracées pour déterminer les dessins. Le dessin est incisé et frotté avec du charbon : de bois sec, la pièce est chauffée et on coule de la cire dessus avec l'aide d'une étoffe d'écorce. La cire fixe le charbon de bois et les incisions et nettoie les parties non incisées. Le bambou est alors évidé. L'intervalle entre les dents est marqué d'une incision en hauteur et à la base du décor, puis évidé de l'intérieur. Le bord des dents est alors poli. Faits et portés dans les parties centrales et montagneuses par les femmes. Ce type à dents, d'après Skeat, est particulier à la Région de l'Est du Pangan. Il est destiné à protéger les femmes contre les maladies. Elles en portent 8 et même 16 qui sont disposés sur deux rangs. Le choix d'un peigne dépend de la maladie qui sévit à ce moment dans le pays. Les dessins qui les décorent ont le pouvoir magique d'écarter certaines maladies redoutées. Vaughan Stevens a établi une théorie, commentée et controversée par Skeat & Blagden, sur le rapport entre les dessins et les fleurs qui s'épanouissent à l'époque de la maladie qu'il s'agit d'éviter. Il voit dans le panneau central le motif le plus important et plus particulièrement destiné a combattre la maladie. Les autres panneaux n'étant que des motifs simplifiés de celui-ci.",1934,,,,Pahang (état) < Malaisie < Asie,https://collections.quaibranly.fr/cc/imageproxy.ashx?server=localhost&port=15012&filename=Objets/Images/053/53258.jpg&cache=yes,https://collections.quaibranly.fr/#/objet/53258
qb:53259,qb,53259,Peigne de protection contre les maladies,Peigne de protection contre les maladies,Asie,Sakai,début du 20e siècle,début du 20e siècle,Bambou gravé.,"Emploi d'une variété de bambou très haute appelée ""Semeng"". La partie entre deux noeuds, bien séchée, est coupée à cet usage. Des lignes circulaires doubles sont tracées sur cette pièce, elles divisent le décor. 5 ou 6 peignes peuvent en être obtenus. Fait et décoré par les hommes : des lignes circulaires sont tracées pour déterminer les dessins. Le dessin est incisé et frotté avec du charbon : de bois sec, la pièce est chauffée et on coule de la cire dessus avec l'aide d'une étoffe d'écorce. La cire fixe le charbon de bois et les incisions et nettoie les parties non incisées. Le bambou est alors évidé. L'intervalle entre les dents est marqué d'une incision en hauteur et à la base du décor, puis évidé de l'intérieur. Le bord des dents est alors poli. Faits et portés dans les parties centrales et montagneuses par les femmes. Ce type à dents, d'après Skeat, est particulier à la Région de l'Est du Pangan. Il est destiné à protéger les femmes contre les maladies. Elles en portent 8 et même 16 qui sont disposés sur deux rangs. Le choix d'un peigne dépend de la maladie qui sévit à ce moment dans le pays. Les dessins qui les décorent ont le pouvoir magique d'écarter certaines maladies redoutées. Vaughan Stevens a établi une théorie, commentée et controversée par Skeat & Blagden, sur le rapport entre les dessins et les fleurs qui s'épanouissent à l'époque de la maladie qu'il s'agit d'éviter. Il voit dans le panneau central le motif le plus important et plus particulièrement destiné a combattre la maladie. Les autres panneaux n'étant que des motifs simplifiés de celui-ci.",1934,,,,Perak (état) < Malaisie < Asie,https://collections.quaibranly.fr/cc/imageproxy.ashx?server=localhost&port=15012&filename=Objets/Images/053/53259.jpg&cache=yes,https://collections.quaibranly.fr/#/objet/53259
qb:53260,qb,53260,Peigne de protection contre les maladies,Peigne de protection contre les maladies,Asie,Sakai,début du 20e siècle,début du 20e siècle,Bambou gravé.,"Emploi d'une variété de bambou très haute appelée ""Semeng"". La partie entre deux noeuds, bien séchée, est coupée à cet usage. Des lignes circulaires doubles sont tracées sur cette pièce, elles divisent le décor. 5 ou 6 peignes peuvent en être obtenus. Fait et décoré par les hommes : des lignes circulaires sont tracées pour déterminer les dessins. Le dessin est incisé et frotté avec du charbon : de bois sec, la pièce est chauffée et on coule de la cire dessus avec l'aide d'une étoffe d'écorce. La cire fixe le charbon de bois et les incisions et nettoie les parties non incisées. Le bambou est alors évidé. L'intervalle entre les dents est marqué d'une incision en hauteur et à la base du décor, puis évidé de l'intérieur. Le bord des dents est alors poli. Faits et portés dans les parties centrales et montagneuses par les femmes. Ce type à dents, d'après Skeat, est particulier à la Région de l'Est du Pangan. Il est destiné à protéger les femmes contre les maladies. Elles en portent 8 et même 16 qui sont disposés sur deux rangs. Le choix d'un peigne dépend de la maladie qui sévit à ce moment dans le pays. Les dessins qui les décorent ont le pouvoir magique d'écarter certaines maladies redoutées. Vaughan Stevens a établi une théorie, commentée et controversée par Skeat & Blagden, sur le rapport entre les dessins et les fleurs qui s'épanouissent à l'époque de la maladie qu'il s'agit d'éviter. Il voit dans le panneau central le motif le plus important et plus particulièrement destiné a combattre la maladie. Les autres panneaux n'étant que des motifs simplifiés de celui-ci.",1934,,,,Perak (état) < Malaisie < Asie,https://collections.quaibranly.fr/cc/imageproxy.ashx?server=localhost&port=15012&filename=Objets/Images/053/53260.jpg&cache=yes,https://collections.quaibranly.fr/#/objet/53260
qb:53261,qb,53261,Peigne de protection contre les maladies,Peigne de protection contre les maladies,Asie,Sakai,début du 20e siècle,début du 20e siècle,Bambou gravé.,"Emploi d'une variété de bambou très haute appelée ""Semeng"". La partie entre deux noeuds, bien séchée, est coupée à cet usage. Des lignes circulaires doubles sont tracées sur cette pièce, elles divisent le décor. 5 ou 6 peignes peuvent en être obtenus. Fait et décoré par les hommes : des lignes circulaires sont tracées pour déterminer les dessins. Le dessin est incisé et frotté avec du charbon : de bois sec, la pièce est chauffée et on coule de la cire dessus avec l'aide d'une étoffe d'écorce. La cire fixe le charbon de bois et les incisions et nettoie les parties non incisées. Le bambou est alors évidé. L'intervalle entre les dents est marqué d'une incision en hauteur et à la base du décor, puis évidé de l'intérieur. Le bord des dents est alors poli. Faits et portés dans les parties centrales et montagneuses par les femmes. Ce type à dents, d'après Skeat, est particulier à la Région de l'Est du Pangan. Il est destiné à protéger les femmes contre les maladies. Elles en portent 8 et même 16 qui sont disposés sur deux rangs. Le choix d'un peigne dépend de la maladie qui sévit à ce moment dans le pays. Les dessins qui les décorent ont le pouvoir magique d'écarter certaines maladies redoutées. Vaughan Stevens a établi une théorie, commentée et controversée par Skeat & Blagden, sur le rapport entre les dessins et les fleurs qui s'épanouissent à l'époque de la maladie qu'il s'agit d'éviter. Il voit dans le panneau central le motif le plus important et plus particulièrement destiné a combattre la maladie. Les autres panneaux n'étant que des motifs simplifiés de celui-ci.",1934,,,,Perak (état) < Malaisie < Asie,https://collections.quaibranly.fr/cc/imageproxy.ashx?server=localhost&port=15012&filename=Objets/Images/053/53261.jpg&cache=yes,https://collections.quaibranly.fr/#/objet/53261
qb:53262,qb,53262,Peigne de protection contre les maladies,Peigne de protection contre les maladies,Asie,Sakai,début du 20e siècle,début du 20e siècle,Bambou gravé.,"Emploi d'une variété de bambou très haute appelée ""Semeng"". La partie entre deux noeuds, bien séchée, est coupée à cet usage. Des lignes circulaires doubles sont tracées sur cette pièce, elles divisent le décor. 5 ou 6 peignes peuvent en être obtenus. Fait et décoré par les hommes : des lignes circulaires sont tracées pour déterminer les dessins. Le dessin est incisé et frotté avec du charbon : de bois sec, la pièce est chauffée et on coule de la cire dessus avec l'aide d'une étoffe d'écorce. La cire fixe le charbon de bois et les incisions et nettoie les parties non incisées. Le bambou est alors évidé. L'intervalle entre les dents est marqué d'une incision en hauteur et à la base du décor, puis évidé de l'intérieur. Le bord des dents est alors poli. Faits et portés dans les parties centrales et montagneuses par les femmes. Ce type à dents, d'après Skeat, est particulier à la Région de l'Est du Pangan. Il est destiné à protéger les femmes contre les maladies. Elles en portent 8 et même 16 qui sont disposés sur deux rangs. Le choix d'un peigne dépend de la maladie qui sévit à ce moment dans le pays. Les dessins qui les décorent ont le pouvoir magique d'écarter certaines maladies redoutées. Vaughan Stevens a établi une théorie, commentée et controversée par Skeat & Blagden, sur le rapport entre les dessins et les fleurs qui s'épanouissent à l'époque de la maladie qu'il s'agit d'éviter. Il voit dans le panneau central le motif le plus important et plus particulièrement destiné a combattre la maladie. Les autres panneaux n'étant que des motifs simplifiés de celui-ci.",1934,,,,Perak (état) < Malaisie < Asie,https://collections.quaibranly.fr/cc/imageproxy.ashx?server=localhost&port=15012&filename=Objets/Images/053/53262.jpg&cache=yes,https://collections.quaibranly.fr/#/objet/53262
qb:53263,qb,53263,Peigne de protection contre les maladies,Peigne de protection contre les maladies,Asie,Sakai,début du 20e siècle,début du 20e siècle,Bambou gravé.,"Emploi d'une variété de bambou très haute appelée ""Semeng"". La partie entre deux noeuds, bien séchée, est coupée à cet usage. Des lignes circulaires doubles sont tracées sur cette pièce, elles divisent le décor. 5 ou 6 peignes peuvent en être obtenus. Fait et décoré par les hommes : des lignes circulaires sont tracées pour déterminer les dessins. Le dessin est incisé et frotté avec du charbon : de bois sec, la pièce est chauffée et on coule de la cire dessus avec l'aide d'une étoffe d'écorce. La cire fixe le charbon de bois et les incisions et nettoie les parties non incisées. Le bambou est alors évidé. L'intervalle entre les dents est marqué d'une incision en hauteur et à la base du décor, puis évidé de l'intérieur. Le bord des dents est alors poli. Faits et portés dans les parties centrales et montagneuses par les femmes. Ce type à dents, d'après Skeat, est particulier à la Région de l'Est du Pangan. Il est destiné à protéger les femmes contre les maladies. Elles en portent 8 et même 16 qui sont disposés sur deux rangs. Le choix d'un peigne dépend de la maladie qui sévit à ce moment dans le pays. Les dessins qui les décorent ont le pouvoir magique d'écarter certaines maladies redoutées. Vaughan Stevens a établi une théorie, commentée et controversée par Skeat & Blagden, sur le rapport entre les dessins et les fleurs qui s'épanouissent à l'époque de la maladie qu'il s'agit d'éviter. Il voit dans le panneau central le motif le plus important et plus particulièrement destiné a combattre la maladie. Les autres panneaux n'étant que des motifs simplifiés de celui-ci.",1934,,,,Pahang (état) < Malaisie < Asie,https://collections.quaibranly.fr/cc/imageproxy.ashx?server=localhost&port=15012&filename=Objets/Images/053/53263.jpg&cache=yes,https://collections.quaibranly.fr/#/objet/53263
qb:53264,qb,53264,Peigne de protection contre les maladies,Peigne de protection contre les maladies,Asie,Sakai,début du 20e siècle,début du 20e siècle,Bambou gravé.,"Emploi d'une variété de bambou très haute appelée ""Semeng"". La partie entre deux noeuds, bien séchée, est coupée à cet usage. Des lignes circulaires doubles sont tracées sur cette pièce, elles divisent le décor. 5 ou 6 peignes peuvent en être obtenus. Fait et décoré par les hommes : des lignes circulaires sont tracées pour déterminer les dessins. Le dessin est incisé et frotté avec du charbon : de bois sec, la pièce est chauffée et on coule de la cire dessus avec l'aide d'une étoffe d'écorce. La cire fixe le charbon de bois et les incisions et nettoie les parties non incisées. Le bambou est alors évidé. L'intervalle entre les dents est marqué d'une incision en hauteur et à la base du décor, puis évidé de l'intérieur. Le bord des dents est alors poli. Faits et portés dans les parties centrales et montagneuses par les femmes. Ce type à dents, d'après Skeat, est particulier à la Région de l'Est du Pangan. Il est destiné à protéger les femmes contre les maladies. Elles en portent 8 et même 16 qui sont disposés sur deux rangs. Le choix d'un peigne dépend de la maladie qui sévit à ce moment dans le pays. Les dessins qui les décorent ont le pouvoir magique d'écarter certaines maladies redoutées. Vaughan Stevens a établi une théorie, commentée et controversée par Skeat & Blagden, sur le rapport entre les dessins et les fleurs qui s'épanouissent à l'époque de la maladie qu'il s'agit d'éviter. Il voit dans le panneau central le motif le plus important et plus particulièrement destiné a combattre la maladie. Les autres panneaux n'étant que des motifs simplifiés de celui-ci.",1934,,,,Pahang (état) < Malaisie < Asie,https://collections.quaibranly.fr/cc/imageproxy.ashx?server=localhost&port=15012&filename=Objets/Images/053/53264.jpg&cache=yes,https://collections.quaibranly.fr/#/objet/53264
qb:53265,qb,53265,Peigne de protection contre les maladies,Peigne de protection contre les maladies,Asie,Sakai,début du 20e siècle,début du 20e siècle,Bambou gravé.,"Emploi d'une variété de bambou très haute appelée ""Semeng"". La partie entre deux noeuds, bien séchée, est coupée à cet usage. Des lignes circulaires doubles sont tracées sur cette pièce, elles divisent le décor. 5 ou 6 peignes peuvent en être obtenus. Fait et décoré par les hommes : des lignes circulaires sont tracées pour déterminer les dessins. Le dessin est incisé et frotté avec du charbon : de bois sec, la pièce est chauffée et on coule de la cire dessus avec l'aide d'une étoffe d'écorce. La cire fixe le charbon de bois et les incisions et nettoie les parties non incisées. Le bambou est alors évidé. L'intervalle entre les dents est marqué d'une incision en hauteur et à la base du décor, puis évidé de l'intérieur. Le bord des dents est alors poli. Faits et portés dans les parties centrales et montagneuses par les femmes. Ce type à dents, d'après Skeat, est particulier à la Région de l'Est du Pangan. Il est destiné à protéger les femmes contre les maladies. Elles en portent 8 et même 16 qui sont disposés sur deux rangs. Le choix d'un peigne dépend de la maladie qui sévit à ce moment dans le pays. Les dessins qui les décorent ont le pouvoir magique d'écarter certaines maladies redoutées. Vaughan Stevens a établi une théorie, commentée et controversée par Skeat & Blagden, sur le rapport entre les dessins et les fleurs qui s'épanouissent à l'époque de la maladie qu'il s'agit d'éviter. Il voit dans le panneau central le motif le plus important et plus particulièrement destiné a combattre la maladie. Les autres panneaux n'étant que des motifs simplifiés de celui-ci.",1934,,,,Pahang (état) < Malaisie < Asie,https://collections.quaibranly.fr/cc/imageproxy.ashx?server=localhost&port=15012&filename=Objets/Images/053/53265.jpg&cache=yes,https://collections.quaibranly.fr/#/objet/53265
qb:53267,qb,53267,Peigne de protection contre les maladies,Peigne de protection contre les maladies,Asie,Sakai,début du 20e siècle,début du 20e siècle,Bambou gravé.,"Emploi d'une variété de bambou très haute appelée ""Semeng"". La partie entre deux noeuds, bien séchée, est coupée à cet usage. Des lignes circulaires doubles sont tracées sur cette pièce, elles divisent le décor. 5 ou 6 peignes peuvent en être obtenus. Fait et décoré par les hommes : des lignes circulaires sont tracées pour déterminer les dessins. Le dessin est incisé et frotté avec du charbon : de bois sec, la pièce est chauffée et on coule de la cire dessus avec l'aide d'une étoffe d'écorce. La cire fixe le charbon de bois et les incisions et nettoie les parties non incisées. Le bambou est alors évidé. L'intervalle entre les dents est marqué d'une incision en hauteur et à la base du décor, puis évidé de l'intérieur. Le bord des dents est alors poli. Faits et portés dans les parties centrales et montagneuses par les femmes. Ce type à dents, d'après Skeat, est particulier à la Région de l'Est du Pangan. Il est destiné à protéger les femmes contre les maladies. Elles en portent 8 et même 16 qui sont disposés sur deux rangs. Le choix d'un peigne dépend de la maladie qui sévit à ce moment dans le pays. Les dessins qui les décorent ont le pouvoir magique d'écarter certaines maladies redoutées. Vaughan Stevens a établi une théorie, commentée et controversée par Skeat & Blagden, sur le rapport entre les dessins et les fleurs qui s'épanouissent à l'époque de la maladie qu'il s'agit d'éviter. Il voit dans le panneau central le motif le plus important et plus particulièrement destiné a combattre la maladie. Les autres panneaux n'étant que des motifs simplifiés de celui-ci.",1934,,,,Pahang (état) < Malaisie < Asie,https://collections.quaibranly.fr/cc/imageproxy.ashx?server=localhost&port=15012&filename=Objets/Images/053/53267.jpg&cache=yes,https://collections.quaibranly.fr/#/objet/53267
qb:53270,qb,53270,Peigne de protection contre les maladies,Peigne de protection contre les maladies,Asie,Sakai,début du 20e siècle,début du 20e siècle,Bambou gravé.,"Emploi d'une variété de bambou très haute appelée ""Semeng"". La partie entre deux noeuds, bien séchée, est coupée à cet usage. Des lignes circulaires doubles sont tracées sur cette pièce, elles divisent le décor. 5 ou 6 peignes peuvent en être obtenus. Fait et décoré par les hommes : des lignes circulaires sont tracées pour déterminer les dessins. Le dessin est incisé et frotté avec du charbon : de bois sec, la pièce est chauffée et on coule de la cire dessus avec l'aide d'une étoffe d'écorce. La cire fixe le charbon de bois et les incisions et nettoie les parties non incisées. Le bambou est alors évidé. L'intervalle entre les dents est marqué d'une incision en hauteur et à la base du décor, puis évidé de l'intérieur. Le bord des dents est alors poli. Faits et portés dans les parties centrales et montagneuses par les femmes. Ce type à dents, d'après Skeat, est particulier à la Région de l'Est du Pangan. Il est destiné à protéger les femmes contre les maladies. Elles en portent 8 et même 16 qui sont disposés sur deux rangs. Le choix d'un peigne dépend de la maladie qui sévit à ce moment dans le pays. Les dessins qui les décorent ont le pouvoir magique d'écarter certaines maladies redoutées. Vaughan Stevens a établi une théorie, commentée et controversée par Skeat & Blagden, sur le rapport entre les dessins et les fleurs qui s'épanouissent à l'époque de la maladie qu'il s'agit d'éviter. Il voit dans le panneau central le motif le plus important et plus particulièrement destiné a combattre la maladie. Les autres panneaux n'étant que des motifs simplifiés de celui-ci.",1934,,,,Pahang (état) < Malaisie < Asie,https://collections.quaibranly.fr/cc/imageproxy.ashx?server=localhost&port=15012&filename=Objets/Images/053/53270.jpg&cache=yes,https://collections.quaibranly.fr/#/objet/53270
qb:53272,qb,53272,Peigne de protection contre les maladies,Peigne de protection contre les maladies,Asie,Sakai,début du 20e siècle,début du 20e siècle,Bois,"Emploi d'une variété de bambou très haute appelée ""Semeng"". La partie entre deux noeuds, bien séchée, est coupée à cet usage. Des lignes circulaires doubles sont tracées sur cette pièce, elles divisent le décor. 5 ou 6 peignes peuvent en être obtenus. Fait et décoré par les hommes : des lignes circulaires sont tracées pour déterminer les dessins. Le dessin est incisé et frotté avec du charbon : de bois sec, la pièce est chauffée et on coule de la cire dessus avec l'aide d'une étoffe d'écorce. La cire fixe le charbon de bois et les incisions et nettoie les parties non incisées. Le bambou est alors évidé. L'intervalle entre les dents est marqué d'une incision en hauteur et à la base du décor, puis évidé de l'intérieur. Le bord des dents est alors poli. Faits et portés dans les parties centrales et montagneuses par les femmes. Ce type à dents, d'après Skeat, est particulier à la Région de l'Est du Pangan. Il est destiné à protéger les femmes contre les maladies. Elles en portent 8 et même 16 qui sont disposés sur deux rangs. Le choix d'un peigne dépend de la maladie qui sévit à ce moment dans le pays. Les dessins qui les décorent ont le pouvoir magique d'écarter certaines maladies redoutées. Vaughan Stevens a établi une théorie, commentée et controversée par Skeat & Blagden, sur le rapport entre les dessins et les fleurs qui s'épanouissent à l'époque de la maladie qu'il s'agit d'éviter. Il voit dans le panneau central le motif le plus important et plus particulièrement destiné a combattre la maladie. Les autres panneaux n'étant que des motifs simplifiés de celui-ci.",1934,,,,Pahang (état) < Malaisie < Asie,https://collections.quaibranly.fr/cc/imageproxy.ashx?server=localhost&port=15012&filename=Objets/Images/053/53272.jpg&cache=yes,https://collections.quaibranly.fr/#/objet/53272
qb:53273,qb,53273,Peigne de protection contre les maladies,Peigne de protection contre les maladies,Asie,Sakai,début du 20e siècle,début du 20e siècle,Bois,"Emploi d'une variété de bambou très haute appelée ""Semeng"". La partie entre deux noeuds, bien séchée, est coupée à cet usage. Des lignes circulaires doubles sont tracées sur cette pièce, elles divisent le décor. 5 ou 6 peignes peuvent en être obtenus. Fait et décoré par les hommes : des lignes circulaires sont tracées pour déterminer les dessins. Le dessin est incisé et frotté avec du charbon : de bois sec, la pièce est chauffée et on coule de la cire dessus avec l'aide d'une étoffe d'écorce. La cire fixe le charbon de bois et les incisions et nettoie les parties non incisées. Le bambou est alors évidé. L'intervalle entre les dents est marqué d'une incision en hauteur et à la base du décor, puis évidé de l'intérieur. Le bord des dents est alors poli. Faits et portés dans les parties centrales et montagneuses par les femmes. Ce type à dents, d'après Skeat, est particulier à la Région de l'Est du Pangan. Il est destiné à protéger les femmes contre les maladies. Elles en portent 8 et même 16 qui sont disposés sur deux rangs. Le choix d'un peigne dépend de la maladie qui sévit à ce moment dans le pays. Les dessins qui les décorent ont le pouvoir magique d'écarter certaines maladies redoutées. Vaughan Stevens a établi une théorie, commentée et controversée par Skeat & Blagden, sur le rapport entre les dessins et les fleurs qui s'épanouissent à l'époque de la maladie qu'il s'agit d'éviter. Il voit dans le panneau central le motif le plus important et plus particulièrement destiné a combattre la maladie. Les autres panneaux n'étant que des motifs simplifiés de celui-ci.",1934,,,,Pahang (état) < Malaisie < Asie,https://collections.quaibranly.fr/cc/imageproxy.ashx?server=localhost&port=15012&filename=Objets/Images/053/53273.jpg&cache=yes,https://collections.quaibranly.fr/#/objet/53273
qb:78310,qb,78310,Amulette,Amulette,Asie,Pachtoune,Milieu du 20e siècle,Milieu du 20e siècle,Métal argenté,Objet de protection.,1973,,,,Kabul < Afghanistan < Asie,https://collections.quaibranly.fr/cc/imageproxy.ashx?server=localhost&port=15012&filename=Objets/Images/078/78310.jpg&cache=yes,https://collections.quaibranly.fr/#/objet/78310
qb:82526,qb,82526,Image pieuse,Image pieuse,Asie,-,Années 1970,Années 1970,Papier,"Acquisition indéterminée, Personne inconnue (1978)",1978,,,,Afghanistan < Asie,https://collections.quaibranly.fr/cc/imageproxy.ashx?server=localhost&port=15012&filename=Objets/Images/082/82526.jpg&cache=yes,https://collections.quaibranly.fr/#/objet/82526
qb:95844,qb,95844,Amulette,Amulette,Amériques,non renseignée,,,Dent animale,"Acquisition indéterminée, Personne inconnue (1878)",1878,,,,Amapá (état) < Brésil < Amérique du Sud < Amérique,https://collections.quaibranly.fr/cc/imageproxy.ashx?server=localhost&port=15012&filename=Objets/Images/095/95844.jpg&cache=yes,https://collections.quaibranly.fr/#/objet/95844
qb:95846,qb,95846,Collier-amulette,Collier-amulette,Amériques,non renseignée,,,"Graine, verroterie, dent animale.",Amulette,1878,,,,Guyane française < Amérique du Sud < Amérique,https://collections.quaibranly.fr/cc/imageproxy.ashx?server=localhost&port=15012&filename=Objets/Images/095/95846.jpg&cache=yes,https://collections.quaibranly.fr/#/objet/95846
qb:96514,qb,96514,Amulette,Amulette,Amériques,non renseignée,,,Pierre,"Donateur, Charles Wiener (1880)",1880,,,,Cuzco (ville) < Cuzco (province) < Cuzco (département) < Pérou < Amérique du Sud < Amérique,https://collections.quaibranly.fr/cc/imageproxy.ashx?server=localhost&port=15012&filename=Objets/Images/096/96514.jpg&cache=yes,https://collections.quaibranly.fr/#/objet/96514
qb:96515,qb,96515,Amulette,Amulette,Amériques,non renseignée,,,Pierre,"Donateur, Charles Wiener (1880)",1880,,,,Cuzco (ville) < Cuzco (province) < Cuzco (département) < Pérou < Amérique du Sud < Amérique,https://collections.quaibranly.fr/cc/imageproxy.ashx?server=localhost&port=15012&filename=Objets/Images/096/96515.jpg&cache=yes,https://collections.quaibranly.fr/#/objet/96515
qb:96579,qb,96579,Dents de félin : amulette,Dents de félin : amulette,Amériques,non renseignée,1850 - 1879,1850 - 1879,"Dent, fibre végétale","Donateur, Jules Crevaux (1881)",1881,,,,Rio Essequibo < Upper Takutu-Upper Essequibo < Guyana < Amérique du Sud < Amérique,https://collections.quaibranly.fr/cc/imageproxy.ashx?server=localhost&port=15012&filename=Objets/Images/096/96579.jpg&cache=yes,https://collections.quaibranly.fr/#/objet/96579
qb:103395,qb,103395,Amulette,Amulette,Amériques,non renseignée,,,Pièce dentaire de cochon coupée,"Donateur, Smithsonian Institution (1886)",1886,,,,Sitka < Alaska (état) < États-Unis < Amérique du Nord < Amérique,https://collections.quaibranly.fr/cc/imageproxy.ashx?server=localhost&port=15012&filename=Objets/Images/103/103395.jpg&cache=yes,https://collections.quaibranly.fr/#/objet/103395
qb:107333,qb,107333,Amulette,Amulette,Amériques,non renseignée,,,Ammonite,"Donateur, Jean Chaffanjon (1894)",1894,,,,Manizales < Caldas (département) < Colombie < Amérique du Sud < Amérique,https://collections.quaibranly.fr/cc/imageproxy.ashx?server=localhost&port=15012&filename=Objets/Images/107/107333.jpg&cache=yes,https://collections.quaibranly.fr/#/objet/107333
qb:112873,qb,112873,Amulette à 3 pointes,Amulette à 3 pointes,Amériques,Santa Maria,19e siècle,19e siècle,Pierre blanchâtre sculptée,"Donateur, Henry de La Vaulx (1898)",1898,,,,Tucumán (province) < Argentine < Amérique du Sud < Amérique,https://collections.quaibranly.fr/cc/imageproxy.ashx?server=localhost&port=15012&filename=Objets/Images/112/112873.jpg&cache=yes,https://collections.quaibranly.fr/#/objet/112873
qb:118290,qb,118290,Amulette anthropomorphe,Amulette anthropomorphe,Amériques,non renseignée,avant 1903,avant 1903,Lithique : albâtre(?) sculpté.,"Amulette sculptée dans une pierre tendre du genre de l'albâtre, la ""Pachacha"" (quechua). Elle est travaillée avec des couteaux et des lames de scie métallique par des artisans indiens et métis, et par les Callawalla se dédiant principalement à la pratique de la médecine empirique et de la magie. Cette amulette portative peut être utilisée par n'importe qui, homme ou femme, marié ou célibataire. Son pouvoir magique est d'être assuré d'avoir toujours suffisement d'argent, de le conserver et de le faire prospérer. Ce pouvoir est symbolisé par le disque entaillé sur le bord extérieur.",1928,,,,La Paz (ville) < Murillo (province) < La Paz (département) < Bolivie < Amérique du Sud < Amérique,https://collections.quaibranly.fr/cc/imageproxy.ashx?server=localhost&port=15012&filename=Objets/Images/118/118290.jpg&cache=yes,https://collections.quaibranly.fr/#/objet/118290
qb:118605,qb,118605,Amulette anthropomorphe,Amulette anthropomorphe,Amériques,non renseignée,Avant 1903,Avant 1903,Lithique : albâtre(?) sculpté.,"""A priori"" il semblerait qu'elle soit plus particulièrement réservée aux marchandes indigènes, afin de faire prospérer leur négoce et d'en tirer de confortables revenus. C.F : Fiche 08-24-424",1928,,,,La Paz (ville) < Murillo (province) < La Paz (département) < Bolivie < Amérique du Sud < Amérique,https://collections.quaibranly.fr/cc/imageproxy.ashx?server=localhost&port=15012&filename=Objets/Images/118/118605.jpg&cache=yes,https://collections.quaibranly.fr/#/objet/118605
qb:118607,qb,118607,Amulette,Amulette,Amériques,non renseignée,Avant 1903,Avant 1903,Lithique : albâtre(?) sculpté.,"Cette amulette est sculptée dans une pierre tendre du genre de l'albâtre, la ""Pachacha"" (Quechua). Elle est travaillée avec des couteaux et des lames de scie métallique par des artisans indiens ou métis et par les Callawalla se dédiant principalement à la pratique de la médecine empirique et de la magie. Elle est portative, pouvant être utilisée par n'importe qui, homme ou femme, marié ou célibataire. Son pouvoir magique est double = 1° assurer son propriétaire d'une défense certaine contre les envoûtements et maléfices - 2° lui assurer une certaine prospérité économique. La défense contre les envoûtements est symbolisée par la tête humaine. Les deux cônes avec les anneaux symbolisent des ""cornes de défense"" émettant l'action magique dans tous les sens. Quant au volume ovoïde et au double cercle strié ils représentent la prospérité économique. Le volume triangulaire figure une sorte de ""bouclier magique"" contre lequel viennent échouer toutes les tentatives maléfiques.",1928,,,,La Paz (ville) < Murillo (province) < La Paz (département) < Bolivie < Amérique du Sud < Amérique,https://collections.quaibranly.fr/cc/imageproxy.ashx?server=localhost&port=15012&filename=Objets/Images/118/118607.jpg&cache=yes,https://collections.quaibranly.fr/#/objet/118607
qb:118608,qb,118608,Amulette complexe,Amulette complexe,Amériques,non renseignée,Avant 1903,Avant 1903,Lithique : albâtre(?) sculpté.,"Cette amulette est sculptés dans une pierre tendre du genre de l'albâtre, la ""Pachacha"" (Quechua). Elle est travaillée avec des couteaux et des lames de scie métallique par des artisans indiens ou métis et par les Callawalla, se dédiant principalmenet à la pratique de la médecine empirique et de la magie. Elle a un pouvoir bénéfique en ce qui concerne les travaux agricoles et la reproduction du bétail. Combinée avec des feuilles de coca (Erhytroxylon coca - Erythroxylacées) - des parcelles de Millu (Minéral ; sulfate d'alumine naturelle) de l'untu (Suif de lama) elle est enterrée dans la cour de la ferme, face à la maison d'habitation.",1928,,,,La Paz (ville) < Murillo (province) < La Paz (département) < Bolivie < Amérique du Sud < Amérique,https://collections.quaibranly.fr/cc/imageproxy.ashx?server=localhost&port=15012&filename=Objets/Images/118/118608.jpg&cache=yes,https://collections.quaibranly.fr/#/objet/118608
qb:118716,qb,118716,Amulette anthropomorphe,Amulette anthropomorphe,Amériques,non renseignée,avant 1903,avant 1903,Lithique : albâtre(?) sculpté.,"Amulette sculptée dans une pierre tendre du genre de l'albâtre, la ""Pachacha"" (quechua). Elle est travaillée avec des couteaux et des lames de scie métallique par des artisans indiens et métis, et par les Callawalla se dédiant principalement à la pratique de la médecine empirique et de la magie. Son pouvoir magique est d'assurer à la femme qui la détient, de très bons tissages, et de les effectuer le plus aisément possible. Cette amulette, portative, est placée dans la poche ou dans la bourse de sa propriétaire, qui durant l'exécution du textile, la sort de temps à autre, et s'en frotte la main droite. Main qui manie le véritable Wichi cet os de lama pointu servant à ajuster la trame ou la chaine. Instrument qui est figuré sur cette amulette par le petit volume cylindrique étreint par la main.",1928,,,,La Paz (ville) < Murillo (province) < La Paz (département) < Bolivie < Amérique du Sud < Amérique,https://collections.quaibranly.fr/cc/imageproxy.ashx?server=localhost&port=15012&filename=Objets/Images/118/118716.jpg&cache=yes,https://collections.quaibranly.fr/#/objet/118716
qb:118717,qb,118717,Amulette anthropomorphe,Amulette anthropomorphe,Amériques,non renseignée,avant 1903,avant 1903,Lithique : albâtre(?) sculpté.,"Amulette sculptée dans une pierre tendre du genre de l'albâtre, la ""Pachacha"" (quechua). Elle est travaillée avec des couteaux et des lames de scie métallique par des artisans indiens et métis, et par les Callawalla se dédiant principalement à la pratique de la médecine empirique et de la magie. Cette amulette, portative, est plus spécialement réservée aux femmes tissant. Son pouvoir magique est double ; 1° d'assurer une bonne habileté dans le travail - 2° d'assurer de bons gains par la vente de ces tissages. Durant le travail, de temps à autre, la femme la sort de sa poche ou de sa bourse, et s'en frotte la main droite, main qui manie le véritable ""Wichi"", os de lama pointu servant à serrer et à ajuster la trame ou la chaine. ""Wichi"" représenté dans l'amulette par le petit volume cylindrique. Le double cercle strié est le symbole des gains à venir.",1928,,,,La Paz (ville) < Murillo (province) < La Paz (département) < Bolivie < Amérique du Sud < Amérique,https://collections.quaibranly.fr/cc/imageproxy.ashx?server=localhost&port=15012&filename=Objets/Images/118/118717.jpg&cache=yes,https://collections.quaibranly.fr/#/objet/118717
qb:118718,qb,118718,Amulette : anthropomorphe,Amulette : anthropomorphe,Amériques,non renseignée,avant 1903,avant 1903,Lithique : albâtre (?) sculpté.,"Amulette sculptée dans une pierre tendre du genre de l'albâtre, la ""Pachacha"" (quechua). Elle est travaillée avec des couteaux et des lames de scie métallique par des artisans indiens et métis, et par les Callawalla se dédiant principalement à la pratique de la médecine empirique et de la magie. Portative elle est plus particulièrement réservée aux célibataires, hommes ou femmes, Son pouvoir magique est d'attirer l'argent, de la conserver et de le faire prospérer.",1928,,,,La Paz (ville) < Murillo (province) < La Paz (département) < Bolivie < Amérique du Sud < Amérique,https://collections.quaibranly.fr/cc/imageproxy.ashx?server=localhost&port=15012&filename=Objets/Images/118/118718.jpg&cache=yes,https://collections.quaibranly.fr/#/objet/118718
qb:118719,qb,118719,Amulette : anthropomorphe,Amulette : anthropomorphe,Amériques,Kallawaya,avant 1903,avant 1903,Lithique : albâtre(?) sculpté.,"Amulette sculptée dans une pierre tendre du genre de l'albâtre, la ""Pachacha"" (quechua). Elle est travaillée avec des couteaux et des lames de scie métallique par des artisans indiens et métis, et par les Callawalla se dédiant principalement à la pratique de la médecine empirique et de la magie. Portative, elle peut être utilisée par n'importe qui, homme ou femme, marié ou célibataire. Son pouvoir magique est de préserver des maladies éventuelles d'une certaine gravité.",1928,,,,La Paz (ville) < Murillo (province) < La Paz (département) < Bolivie < Amérique du Sud < Amérique,https://collections.quaibranly.fr/cc/imageproxy.ashx?server=localhost&port=15012&filename=Objets/Images/118/118719.jpg&cache=yes,https://collections.quaibranly.fr/#/objet/118719
qb:118721,qb,118721,Amulette anthropomorphe,Amulette anthropomorphe,Amériques,Kallawaya,avant 1903,avant 1903,Lithique : albâtre(?) sculpté.,"Amulette sculptée dans une pierre tendre du genre de l'albâtre, la ""Pachacha"" (quechua). Elle est travaillée avec des couteaux et des lames de scie métallique par des artisans indiens et métis, et par les Callawalla se dédiant principalement à la pratique de la médecine empirique et de la magie. Elle est réservée aux nouveaux mariés, à seule fin que leur union connaisse toujours la félicité. Combinée avec des pétales d'oeillet et des fils de soie rouge et blanche, elle est conservée dans la maison même parmi les vêtements des jeunes mariés.",1928,,,,La Paz (ville) < Murillo (province) < La Paz (département) < Bolivie < Amérique du Sud < Amérique,https://collections.quaibranly.fr/cc/imageproxy.ashx?server=localhost&port=15012&filename=Objets/Images/118/118721.jpg&cache=yes,https://collections.quaibranly.fr/#/objet/118721
qb:118722,qb,118722,Amulette anthropomorphe,Amulette anthropomorphe,Amériques,non renseignée,avant 1903,avant 1903,Lithique : Albâtre(?) sculpté.,"Cette amulette est sculptée dans une pierre tendre du genre de l'albâtre, la ""Pachacha"" (Quechua). Elle est travaillée avec des couteaux et des lames de scie métallique par des artisans indiens et métis, et par les Callawaya, se dédiant principlament à la pratique de la médecine empirique et de la magie. Portative elle peut être utilisée seulement par les personnes mariées, à l'abri des regards étrangers. Elle est portée de temps à autre sur les terrains de culture, à seule fin qu'ils produisent le plus possible. Tous ces renseignements émanant d'une similitude qui existe avec une amulette recueillie en 1957 sous le N° 58-39-38.",1928,,,,La Paz (ville) < Murillo (province) < La Paz (département) < Bolivie < Amérique du Sud < Amérique,https://collections.quaibranly.fr/cc/imageproxy.ashx?server=localhost&port=15012&filename=Objets/Images/118/118722.jpg&cache=yes,https://collections.quaibranly.fr/#/objet/118722
qb:118723,qb,118723,Amulette anthropomorphe,Amulette anthropomorphe,Amériques,Kallawaya,avant 1903,avant 1903,Lithique : albâtre(?) sculpté.,"Cette amulette est sculptée dans une pierre tendre du genre de l'albâtre, la ""Pachacha"" (Quechua). Elle est travaillée avec des couteaux et des lames de scie métallique par des artisans indiens ou métis et par les Callawalla se dédiant principalement à la pratique de la médecine empirique et de la magie. ""A priori"" il semblerait qu'elle soit plus particulièrement réservée aux marchandes indigènes, afin de faire prospérer leur négoce et d'en tirer de confortables revenus.",1928,,,,La Paz (ville) < Murillo (province) < La Paz (département) < Bolivie < Amérique du Sud < Amérique,https://collections.quaibranly.fr/cc/imageproxy.ashx?server=localhost&port=15012&filename=Objets/Images/118/118723.jpg&cache=yes,https://collections.quaibranly.fr/#/objet/118723
qb:118724,qb,118724,Amulette anthropomorphe,Amulette anthropomorphe,Amériques,Kallawaya,avant 1903,avant 1903,Lithique : albâtre(?) sculpté.,"Cette amulette est sculptée dans une pierre tendre du genre de l'albâtre, la ""Pachacha"" (Quechua). Elle est travaillée avec des couteaux et des lames de scie métallique par des artisans indiens ou métis et par les Callawalla, se dédiant principalment à la pratique de la médecine empirique et de la magie. Elle est plus particulièrement réservée aux marchandes indigènes de pain, légumes, viandes fruits, tout ce qui est comestible. Son pouvoir magique est de faire prospérer le négoce, d'en tirer de confortables revenus. Elle s'utilise de la façon suivante = Juste après son achat l'amulette est enveloppée dans le premier billet de banque acquis par la vente. Puis elle est placée dans un petit pot de terre cuite, y ajoutant des parcelles des produits vendus ? Ceci fait le tout est enterré au seuil même de la boutique, ou, si il s'agit d'une vendeuse à l'air libre, à la porte de sa maison.",1928,,,,La Paz (ville) < Murillo (province) < La Paz (département) < Bolivie < Amérique du Sud < Amérique,https://collections.quaibranly.fr/cc/imageproxy.ashx?server=localhost&port=15012&filename=Objets/Images/118/118724.jpg&cache=yes,https://collections.quaibranly.fr/#/objet/118724
qb:118725,qb,118725,Amulette anthropomorphe,Amulette anthropomorphe,Amériques,non renseignée,Avant 1903,Avant 1903,Lithique : albâtre(?) sculpté.,"""A priori"" il semblerait qu'elle soit plus particulièrement réservée aux marchandes indigènes, afin de faire prospérer leur négoce et d'en tirer de confortables revenus. C.F : Fiche 08-24-424",1928,,,,La Paz (ville) < Murillo (province) < La Paz (département) < Bolivie < Amérique du Sud < Amérique,https://collections.quaibranly.fr/cc/imageproxy.ashx?server=localhost&port=15012&filename=Objets/Images/118/118725.jpg&cache=yes,https://collections.quaibranly.fr/#/objet/118725
qb:118734,qb,118734,Amulette,Amulette,Amériques,non renseignée,avant 1903,avant 1903,Lithique : albâtre(?) sculpté.,"Cette amulette est sculptée dans une pierre tendre du genre de l'albâtre, la ""Pachacha"" (Quechua). Elle est travaillée avec des couteaux et des lames de scie métallique par des artisans indiens ou métis et par les Callawalla, se dédiant principlament à la pratique de la médecine empirique et de la magie. Portative elle peut être employée par n'importe qui, homme ou femme, marié ou célibataire. Son pouvoir magique est d'être assuré d'une défense contre les mauvais desseins d'autrui en matière de prospérité économique. Les demi-cercles striés disposés dans les angles sont les symboles de cette protection Le double cercle du centre et le point sont figuratifs de l'argent.",1928,,,,La Paz (ville) < Murillo (province) < La Paz (département) < Bolivie < Amérique du Sud < Amérique,https://collections.quaibranly.fr/cc/imageproxy.ashx?server=localhost&port=15012&filename=Objets/Images/118/118734.jpg&cache=yes,https://collections.quaibranly.fr/#/objet/118734
qb:118742,qb,118742,Amulette anthropomorphe,Amulette anthropomorphe,Amériques,Quechua,avant 1903,avant 1903,Lithique : Albâtre(?) sculpté.,"Portative elle peut être utilisée seulement par les personnes mariées, à l'abri des regards étrangers. Elle est portée de temps à autre sur les terrains de culture, à seule fin qu'ils produisent le plus possible. C.F : Fiche 08-24-423",1928,,,,La Paz (ville) < Murillo (province) < La Paz (département) < Bolivie < Amérique du Sud < Amérique,https://collections.quaibranly.fr/cc/imageproxy.ashx?server=localhost&port=15012&filename=Objets/Images/118/118742.jpg&cache=yes,https://collections.quaibranly.fr/#/objet/118742
qb:125361,qb,125361,Amulette,Amulette,Amériques,Shuar - Achuar,,,"Fruit, graine, fibre végétale",Féminin,1930,,,,Rio Santiago < Esmeraldas (département) < Équateur < Amérique du Sud < Amérique,https://collections.quaibranly.fr/cc/imageproxy.ashx?server=localhost&port=15012&filename=Objets/Images/125/125361.jpg&cache=yes,https://collections.quaibranly.fr/#/objet/125361
qb:125427,qb,125427,Amulette,Amulette,Amériques,non renseignée,,,Pierre tendre blanchâtre,"Cette amulette est sculptée dans une pierre tendre du genre de l'albâtre, la Pachacha (Quechua).Elle est travaillée avec des couteaux par des artisans indiens ou métis et par les Callawaya se dédiant principalement à la pratique de la médecine empirique et de la magie. Elle peut être utilisée par n'importe qui, homme ou femme, marié ou célibataire.Son pouvoir est maléfique, servant à produire chez autrui des ennuis de caractère financier et que toute une série de disgrâces s'ensuive. Accompagnée de fils de laine brune et noire, elle s'enterre de nuit le plus près possible de la maison de la personne vouée au maléfice.",1930,,,,La Paz (ville) < Murillo (province) < La Paz (département) < Bolivie < Amérique du Sud < Amérique,https://collections.quaibranly.fr/cc/imageproxy.ashx?server=localhost&port=15012&filename=Objets/Images/125/125427.jpg&cache=yes,https://collections.quaibranly.fr/#/objet/125427
qb:127495,qb,127495,Amulette,Amulette,Amériques,non renseignée,,,Bois,"Donateur, Jehan Albert Vellard (1932)",1932,,,,Arroyo Guazu < Paraguay < Amérique du Sud < Amérique,https://collections.quaibranly.fr/cc/imageproxy.ashx?server=localhost&port=15012&filename=Objets/Images/127/127495.jpg&cache=yes,https://collections.quaibranly.fr/#/objet/127495
qb:127496,qb,127496,Amulette,Amulette,Amériques,non renseignée,,,Bois,"Donateur, Jehan Albert Vellard (1932)",1932,,,,Arroyo Guazu < Paraguay < Amérique du Sud < Amérique,https://collections.quaibranly.fr/cc/imageproxy.ashx?server=localhost&port=15012&filename=Objets/Images/127/127496.jpg&cache=yes,https://collections.quaibranly.fr/#/objet/127496
qb:130231,qb,130231,Masque,Masque,Amériques,non renseignée,,,Peau et fourrure<br>Fabriqué par un homme du village,Employé pour le Carnaval,1933,,,,Sivacá < Ocosingo (municipio) < Ocosingo (district) < Chiapas (état) < Mexique < Amérique du Nord < Amérique,https://collections.quaibranly.fr/cc/imageproxy.ashx?server=localhost&port=15012&filename=Objets/Images/130/130231.jpg&cache=yes,https://collections.quaibranly.fr/#/objet/130231
qb:130232,qb,130232,Masque,Masque,Amériques,non renseignée,,,Peau et fourrure ou cuir et peau (?)<br>Fabriqué par un homme du village,Employé pour le carnaval,1933,,,,Sivacá < Ocosingo (municipio) < Ocosingo (district) < Chiapas (état) < Mexique < Amérique du Nord < Amérique,https://collections.quaibranly.fr/cc/imageproxy.ashx?server=localhost&port=15012&filename=Objets/Images/130/130232.jpg&cache=yes,https://collections.quaibranly.fr/#/objet/130232
qb:140278,qb,140278,Masque miniature de diable,Masque miniature de diable,Amériques,non renseignée,Milieu du 20e siècle,Milieu du 20e siècle,Plâtre,Masque miniature du type de ceux porté dans la danse de la Diablada.,1947,,,,Oruro (département) < Bolivie < Amérique du Sud < Amérique,https://collections.quaibranly.fr/cc/imageproxy.ashx?server=localhost&port=15012&filename=Objets/Images/140/140278.jpg&cache=yes,https://collections.quaibranly.fr/#/objet/140278
qb:140279,qb,140279,Masque miniature de diable,Masque miniature de diable,Amériques,non renseignée,Milieu du 20e siècle,Milieu du 20e siècle,Plâtre,Masque miniature du type de ceux porté dans la danse de la Diablada.,1947,,,,Oruro (département) < Bolivie < Amérique du Sud < Amérique,https://collections.quaibranly.fr/cc/imageproxy.ashx?server=localhost&port=15012&filename=Objets/Images/140/140279.jpg&cache=yes,https://collections.quaibranly.fr/#/objet/140279
qb:148473,qb,148473,Talisman,Talisman,Amériques,non renseignée,,,Métal,Fait par les hommes. Utilisé devant les portes d'entrée contre la peste et le mauvais oeil.,1955,,,,Bahia (état) < Brésil < Amérique du Sud < Amérique,https://collections.quaibranly.fr/cc/imageproxy.ashx?server=localhost&port=15012&filename=Objets/Images/148/148473.jpg&cache=yes,https://collections.quaibranly.fr/#/objet/148473
qb:156295,qb,156295,Masque de diable,Masque de diable,Amériques,non renseignée,,,Plâtre,Utilisé dans la danse de la Diablada.,1956,,,,Lac Titicaca < La Paz (département) < Bolivie < Amérique du Sud < Amérique,https://collections.quaibranly.fr/cc/imageproxy.ashx?server=localhost&port=15012&filename=Objets/Images/156/156295.jpg&cache=yes,https://collections.quaibranly.fr/#/objet/156295
qb:197803,qb,197803,Bouclier,Bouclier,Afrique,Swahili,avant 1896,avant 1896,Cuir de rhinocéros,Armement.,1896,,,,Ethiopie < Afrique orientale < Afrique,https://collections.quaibranly.fr/cc/imageproxy.ashx?server=localhost&port=15012&filename=Objets/Images/197/197803.jpg&cache=yes,https://collections.quaibranly.fr/#/objet/197803
qb:232146,qb,232146,Disque,Disque,Afrique,Sao,2e siècle avant JC - 14e siècle après JC,2e siècle avant JC - 14e siècle après JC,Terre cuite,Représentation d'ancêtre.,1949,,,,Maré < Batha (région) < Tchad < Afrique centrale < Afrique,https://collections.quaibranly.fr/cc/imageproxy.ashx?server=localhost&port=15012&filename=Objets/Images/232/232146.jpg&cache=yes,https://collections.quaibranly.fr/#/objet/232146
qb:263103,qb,263103,Petit poignard,Petit poignard,Asie,,Fin du 19e - début du 20e siècle,Fin du 19e - début du 20e siècle,Manche en bois. Gaine en cuir,"Donateur, Mme Morse-Rummel (1962)",1962,,,,Fédération de Russie < Asie,https://collections.quaibranly.fr/cc/imageproxy.ashx?server=localhost&port=15012&filename=Objets/Images/263/263103.jpg&cache=yes,https://collections.quaibranly.fr/#/objet/263103
qb:300208,qb,300208,Bracelets,Bracelets,Afrique du Nord et Moyen-Orient,,,,Argent<br>Perlage,"Accessoire de la parure féminine D'après Odette de Puygaudeau, ce type de bracelet serait aussi porté par les femmes maures",,,,,Djebel Bani < Tata < Anti-Atlas < Maroc < Maghreb < Afrique septentrionale < Afrique,https://collections.quaibranly.fr/cc/imageproxy.ashx?server=localhost&port=15012&filename=Objets/Images/300/300208.jpg&cache=yes,https://collections.quaibranly.fr/#/objet/300208
qb:302286,qb,302286,Broche,Broche,Afrique du Nord et Moyen-Orient,,fin du 19e - début du 20e siècle,fin du 19e - début du 20e siècle,Argent,Bijou-Accessoire de la parure féminine,1931,,,,Tidikelt < Adrar < Algérie < Maghreb < Afrique septentrionale < Afrique,https://collections.quaibranly.fr/cc/imageproxy.ashx?server=localhost&port=15012&filename=Objets/Images/302/302286.jpg&cache=yes,https://collections.quaibranly.fr/#/objet/302286
qb:302287,qb,302287,Broche,Broche,Afrique du Nord et Moyen-Orient,,20e siècle,20e siècle,Argent,Bijou-Accessoire de la parure féminine,1931,,,,Tlemcen (ville) < Tlemcen (département) < Algérie < Maghreb < Afrique septentrionale < Afrique,https://collections.quaibranly.fr/cc/imageproxy.ashx?server=localhost&port=15012&filename=Objets/Images/302/302287.jpg&cache=yes,https://collections.quaibranly.fr/#/objet/302287
qb:302958,qb,302958,Massue,Massue,Océanie,Fidjien,19e ou début du 20e siècle,19e ou début du 20e siècle,Bois dur,Massue de jet.,1941,,,,Wallis (île) < Wallis et Futuna < Polynésie < Océanie,https://collections.quaibranly.fr/cc/imageproxy.ashx?server=localhost&port=15012&filename=Objets/IDENTIFICATION_OBJETS/Photos_YMAGO/300000/72_1941_1_9.jpg&cache=yes,https://collections.quaibranly.fr/#/objet/302958
qb:303356,qb,303356,Masque,Masque,Océanie,Kanak,début 20e siècle,début 20e siècle,"Bois, vannerie, cordelette, plumes, cordonnet de poils de chauve-souris roussette",Objet cérémoniel.,1963,,,,Nouvelle-Calédonie < Mélanésie < Océanie,https://collections.quaibranly.fr/cc/imageproxy.ashx?server=localhost&port=15012&filename=Objets/Images/303/303356.jpg&cache=yes,https://collections.quaibranly.fr/#/objet/303356
qb:304476,qb,304476,Petit masque,Petit masque,Océanie,Ambrym nord,milieu du 20e siècle,milieu du 20e siècle,"Fougère arborescente, pigments, dents de cochon, bois, fibres végétales, plumes.","Ces petits masques étaient utilisés lors d'événements tabous. Le visage surmodelé pouvait être fixé sur une base en toile d'araignée qui couvrait le visage du danseur. En dehors de ces contextes rituels, ils étaient soigneusement gardés par les hommes.",1967,,,,Ambrym (Nord) < Ambrym (île) < Malampa < Vanuatu < Mélanésie < Océanie,https://collections.quaibranly.fr/cc/imageproxy.ashx?server=localhost&port=15012&filename=Objets/Images/304/304476.jpg&cache=yes,https://collections.quaibranly.fr/#/objet/304476
qb:304482,qb,304482,Petit masque,Petit masque,Océanie,Ambrym nord,milieu du 20e siècle,milieu du 20e siècle,"Fougère arborescente, pigments, dents de cochon, bois, fibres végétales.","Ces petits masques étaient utilisés lors d'événements tabous liés aux sociétés de grades secrètes Luan (ou Ruan). Le visage surmodelé pouvait être fixé sur une base en toile d'araignée qui couvrait le visage du danseur. En dehors de ces contextes rituels, ils étaient soigneusement gardés par les hommes. Ils peuvent provenir du sud de l'île Malekula ou du nord d'Ambrym.",1967,,,,Ambrym (Nord) < Ambrym (île) < Malampa < Vanuatu < Mélanésie < Océanie,https://collections.quaibranly.fr/cc/imageproxy.ashx?server=localhost&port=15012&filename=Objets/Images/304/304482.jpg&cache=yes,https://collections.quaibranly.fr/#/objet/304482
qb:304802,qb,304802,"Figurine ""à deux têtes"" de type amulette","Figurine ""à deux têtes"" de type amulette",Océanie,Biwat,milieu du 20e siècle,milieu du 20e siècle,"Bois, coquillages, cheveux, mastic, fibres de coco, fibres d'écorce végétales.","Ce type de statuette représente un ancêtre de clan. Elle pouvait être conservée à l'intérieur de la ""maison des hommes"".",1981,,,,Yuat < Angoram (district) < East Sepik (province) < Papouasie-Nouvelle-Guinée < Mélanésie < Océanie,https://collections.quaibranly.fr/cc/imageproxy.ashx?server=localhost&port=15012&filename=Objets/Images/304/304802.jpg&cache=yes,https://collections.quaibranly.fr/#/objet/304802
qb:305354,qb,305354,Assommoir à cochons,Assommoir à cochons,Océanie,Lonwolwol,milieu du 20e siècle,milieu du 20e siècle,"Bois dense sculpté et gravé, patine de suie et d'huile de noix de coco.","Assommoir servant à sacrifier, lors de rituels, les cochons accumulés pour acquérir un grade.",1962,,,,Ambrym (île) < Malampa < Vanuatu < Mélanésie < Océanie,https://collections.quaibranly.fr/cc/imageproxy.ashx?server=localhost&port=15012&filename=Objets/Images/305/305354.jpg&cache=yes,https://collections.quaibranly.fr/#/objet/305354
qb:311675,qb,311675,Serpentins,Serpentins,Amériques,non renseignée,,,Papier blanc,"Ces serpentins furent trouvés en divers points de l'apacheta : au cairn, près des croix et à l'endroit ou sont édifiées les petites maisons en pierres sèches. Leur objet semble être en rapport assez étroit avec les pratiques de caractère magique qui sont faites à l'époque de carnaval dans les champs et les maisons. En plus de signifier une certaine allégresse, on leur accorde une valeur symbolique ayant trait à la fécondité des produits de la terre et une certaine prospérité dans les maisons.",1958,,,,Murillo (province) < La Paz (département) < Bolivie < Amérique du Sud < Amérique,https://collections.quaibranly.fr/cc/imageproxy.ashx?server=localhost&port=15012&filename=Objets/Images/311/311675.jpg&cache=yes,https://collections.quaibranly.fr/#/objet/311675
qb:311678,qb,311678,Amulette,Amulette,Amériques,non renseignée,,,Pierre (albâtre) blanche,"Cette amulette est d'origine callawaya (voir les collections à ce sujet). Sa signification est celle d'une bonne prospérité, aussi bien dans la maison que pour l'élevage et l'agriculture. Cette prospérité dans l'agriculture est symbolisée par les surfaces rayées parallèlement, les chacra.Celle de l'élevage l'était par les brebis et le bêlier. Quant à la prospérité dans la maison, elle l'est par la maison même et par les disques avec des petits cercles figurant de l'argent. Elle fut trouvée sur le piédestal de la croix principale de l'apacheta, constituant très vraisemblablement une offrande aux forces censées résider dans ce lieu. Il s'agit là d'une offrande peu banale car en règle générale l'Indien ne se sépare que très difficilement de ce genre d'objet. Peut-être en raison de cela, était elle déposée comme une offrande pour un désir particulier ou de grande importance.",1958,,,,Murillo (province) < La Paz (département) < Bolivie < Amérique du Sud < Amérique,https://collections.quaibranly.fr/cc/imageproxy.ashx?server=localhost&port=15012&filename=Objets/IDENTIFICATION_OBJETS/Photos_YMAGO/300000/311678y.jpg&cache=yes,https://collections.quaibranly.fr/#/objet/311678
qb:311725,qb,311725,Amulette pour la nourriture,Amulette pour la nourriture,Amériques,Quechua,20e siècle,20e siècle,Albâtre sculpté,"Donateur, Louis Girault (1958)",1958,,,,Curva (village) < Bautista Saavedra (province) < La Paz (département) < Bolivie < Amérique du Sud < Amérique,https://collections.quaibranly.fr/cc/imageproxy.ashx?server=localhost&port=15012&filename=Objets/Images/311/311725.jpg&cache=yes,https://collections.quaibranly.fr/#/objet/311725
qb:311731,qb,311731,Amulette en forme de bélier,Amulette en forme de bélier,Amériques,Kallawaya,20e siècle,20e siècle,Albâtre sculpté,"Ce bélier est taillé dans une pierre tendre du genre de l'albâtre, la Pachacha (Quechua) par les hommes Callawaya, se dédiant particulièrement à la pratique de la médecine empirique et de la magie. Elle est travaillée avec des couteaux et des lames de scie métallique. Vendue par les Callawaya eux mêmes, cette amulette a comme pouvoir magique d'assurer la bonne reproduction du troupeau de moutons. Elle se prépare de la manière suivante : elle est tout d'abord enveloppée dans une touffe de laine d'un bélier, et placée dans un petit pot de terre cuite. Dans celui- ci on ajoute deux ou trois Khuti Khuti (fruit de Prosopis, Légumineuses) et quelques rondelles de ""Contra"" (Végétal du genre Iris, Iridacées) et de la poudre résultant du râpage de la corne d'un bêlier vivant. Ce pot est bouché avec des excréments de mouton, fait l'objet d'une ""challa"", aspersions d'alcool blanc et de vin rouge. Puis on l'enterre dans un coin du ""corral"" (parc à air libre où sont réunis les moutons) Son pouvoir magique découle d'un sentiment d'analogie , de par sa figuration même. Amplement diffusé par les Callawaya, en Bolivie, Pérou, Chili, Argentine, etc . Utilisé aussi bien par les indiens aymara et quechua que par les métis.",1958,,,,Curva (village) < Bautista Saavedra (province) < La Paz (département) < Bolivie < Amérique du Sud < Amérique,https://collections.quaibranly.fr/cc/imageproxy.ashx?server=localhost&port=15012&filename=Objets/Images/311/311731.jpg&cache=yes,https://collections.quaibranly.fr/#/objet/311731
qb:311733,qb,311733,Amulette en forme de brebis et de trois béliers,Amulette en forme de brebis et de trois béliers,Amériques,non renseignée,20e siècle,20e siècle,"Albâtre sculpté, suif de lama","Donateur, Louis Girault (1958)",1958,,,,Curva (village) < Bautista Saavedra (province) < La Paz (département) < Bolivie < Amérique du Sud < Amérique,https://collections.quaibranly.fr/cc/imageproxy.ashx?server=localhost&port=15012&filename=Objets/Images/311/311733.jpg&cache=yes,https://collections.quaibranly.fr/#/objet/311733
qb:314525,qb,314525,Amulette,Amulette,Amériques,non renseignée,,,Lithique : serpentine noire,"Donateur, Paul Rivet (1913)",1913,,,,Équateur < Amérique du Sud < Amérique,https://collections.quaibranly.fr/cc/imageproxy.ashx?server=localhost&port=15012&filename=Objets/Images/314/314525.jpg&cache=yes,https://collections.quaibranly.fr/#/objet/314525
qb:328542,qb,328542,Filet de portage,Filet de portage,Océanie,-,Première moitié du 19e siècle.,Première moitié du 19e siècle.,Filet : fibres végétales,"En général ces dilly bags sont surtout des objets féminins ; les femmes le portent, soit sur le dos, la ficelle passant sur la tête, soit en bandoulière, soit dans le creux de l'aisselle ; dans certains cas, selon la trame où la fibre employée, les réticules employés, les réticules peuvent être faits par les femmes et portés par les hommes, ou faits par les hommes et utilisés par les deux sexes indifféremment ; par ailleurs les hommes en fabriquent avec de simples fibres entrelacées, qui servent de passoires et de filtres. Mais d'habitude ils servent au transport des menus objets et trésors de la femme indigène : aiguilles en os, colliers, fourrure prête à être transformée en ficelle ; Spencer et Gillen nous donnent le contenu d'un sac : des plumes d'aigles-faucon, un chignon de plumes d'émou, un couteau de pierre dans son fourreau, un fouet un ornement féminin, en résine avec des dents incrustées, une coquille servant de cache-sexe, un os pour le nez, des bracelets et des colliers, deux mèches de cheveux humains entourés de ficelle de fourrure et servant de charmes. Suivant les mêmes auteurs certains sacs servent à transporter le pituri, feuilles séchées de Dubolsia Hopwoodi utilisées par les indigènes comme narcotique. Spencer rapporte que le type numalkca, sert au transport du miel et même de l'eau, tant les mailles sont fines. Dans le nord de l'Australie un autre usage est courtant : la mère porte avec elle lès os de son enfant mort ; ceci, soupçonne Spencer, après qu'il ail été mangé ; les réticules utilisés pourt ce transport sont d'un modèle particulièrement grossier. -.D'après Brough-Smith, les matériaux des réticules diffèrent de ceux des filets (herbe à kangourou, anthistirla ciliata) ; il s'agirait de feuilles de roseau commun (phragmites communis) tréssés en corde, de fibres d'écorce, de poils de chat indegène ou d'opossum tressés. Chez les Arunte, la fabrication de ces sacs donnait lieu à un double commerce intertribal ; la fabrication n'avait lieu que dans le sud de la tribu et les réticules passaient de mains en mains jusqu'à la chaîne de Mac Donnel vers le nord ; de plus la ficelle utilisée était obtenue de roseaux poussant autour des sources montagneuses du territoire des Urabunna, d'où elle passait chez les Aruntes Dans le nord ces sacs sont purifiés après la mort ; dans l'exemple donné par Spencer, il s'agissait de ceux de la soeur aînée de la morte, ceux de cette dernière était brûlés ; les réticules seraient donc des objets sinon précieux, du moins suffisamment intimes pour participer dans une certaine mesure à la personnalité de leur propriétaire.",1930,,,,Queensland (état) < Australie < Océanie,https://collections.quaibranly.fr/cc/imageproxy.ashx?server=localhost&port=15012&filename=Objets/Images/328/328542.jpg&cache=yes,https://collections.quaibranly.fr/#/objet/328542
qb:329067,qb,329067,Bouclier,Bouclier,Océanie,-,1ère moitié 19e siècle,1ère moitié 19e siècle,"Sections de roseau, rotin, liane (Lygodium trifurcatum), enduit obtenu à partir de la noix de Parinarium, nacre (sans doute coquille de Nautile), bois","Les habitants des Îles Salomon utilisaient autrefois à la guerre et à la chasse aux têtes, des boucliers en vannerie de forme elliptique, légèrement plus larges en partie basse et pointus aux deux extrémités. Leur décor consistait principalement en motifs foncés, créés à l’aide de fibres végétales teintes en noir et contrastant avec la couleur naturelle du reste de l’ouvrage. De telles armes étaient fabriqués principalement dans les régions intérieures de l'île de Guadalcanal. Les populations des îles voisines les acquéraient par voie d'échange.Ce bouclier, dont le corps est également en vannerie, est recouvert d’un décor élaboré, composé de petites plaques de nacre (sans doute de Nautilus) finement découpées et fixées sur la vannerie grâce un enduit rouge et noir obtenu à partir de la noix de Parinarium. L’ensemble forme des motifs complexes, certains anthropomorphes. Ce type, très bien identifié, est assez rare dans les collections muséales.De tels boucliers étaient, semble-t-il, à la fois portés au combat, utilisés comme instruments cérémoniels, lors de danses, et comme marqueurs de statut social. Leur fabrication semble avoir cessé au début du XIXe siècle. On reconnaît sur cette pièce un motif anthropomorphe principal, une longue figure aux bras levés. Les rangs de nacre qui l’auréolent et la constituent suivent en grande partie la structure en vannerie sous-jacente et les contours du bouclier. De part et d’autre de la tête des oreilles aux lobes distendus par des ornements caractéristiques de la région sont figurées. En dessous de la figure principale, deux petits visages, disposés horizontalement, se font face. Ces derniers sont souvent interprétés comme une évocation de la de la chasse aux têtes, une pratique guerrière à caractère rituel.",1887,,,,"Isabel (île) < Isabel (province) < Salomon, îles < Mélanésie < Océanie",https://collections.quaibranly.fr/cc/imageproxy.ashx?server=localhost&port=15012&filename=Objets/IDENTIFICATION_OBJETS/Photos_YMAGO/300000/329067y.jpg&cache=yes,https://collections.quaibranly.fr/#/objet/329067
qb:329327,qb,329327,Masque,Masque,Océanie,Kanak,19e siècle,19e siècle,"Bois de houp (Montrouziera sp.), pigments, plumes de gallinacée et/ou de notou?, fibres végétales torsadées et tressées, cheveux.","Ce masque est porté dans les fêtes par un homme qui glisse sa tête de façon à garder les yeux à la hauteur de la bouche par laquelle il regarde. Il tenait généralement un morceau de bois horizontal dans sa bouche soutenant le filet. Cet homme masqué, armé d'un casse-tête causait de la frayeur dans les danses, exécutait des mimiques, mais aucune coutume ni légende ne subsistent montrant qu'il s'agissait d'une société secrète. Le masque appartient au Nord de l'ile d'où il s'est répandu dans le Sud sans apporter avec lui de traditions qui expliquent son origine. M.L.",1880,,,,Balade < Pouébo < Province Nord < Grande Terre < Nouvelle-Calédonie < Mélanésie < Océanie,https://collections.quaibranly.fr/cc/imageproxy.ashx?server=localhost&port=15012&filename=Objets/IDENTIFICATION_OBJETS/Photos_YMAGO/300000/329327y.jpg&cache=yes,https://collections.quaibranly.fr/#/objet/329327
qb:354200,qb,354200,Marupaï,Marupaï,Océanie,Orokolo,Milieu du 20e siècle.,Milieu du 20e siècle.,"Endocarpe de noix de coco naine ou noix de palmier incisée et rehaussée de pigment blanc (chaux ? ), fibres végétales","Charme de chasse. Porté avec soi lors des parties de chasse, il assure au chasseur le succès lors de la capture de gibier. Il est fabriqué dans une noix de coco naine.",1999,,,,Hopaiku (village) < Orokolo (baie) < Kikori (district) < Gulf (province) < Papouasie-Nouvelle-Guinée < Mélanésie < Océanie,https://collections.quaibranly.fr/cc/imageproxy.ashx?server=localhost&port=15012&filename=Objets/IDENTIFICATION_OBJETS/Photos_YMAGO/300000/354200y.jpg&cache=yes,https://collections.quaibranly.fr/#/objet/354200
qb:354201,qb,354201,Marupaï,Marupaï,Océanie,Orokolo,Milieu du 20e siècle.,Milieu du 20e siècle.,"Endocarpe de noix de coco naine ou noix de palmier incisée et rehaussée de pigment blanc (chaux ?), fibres végétales","Charme de chasse. Porté avec soi lors des parties de chasse, il assure au chasseur le succès lors de la capture de gibier. Il est fabriqué dans une noix de coco naine.",1999,,,,Hopaiku (village) < Orokolo (baie) < Kikori (district) < Gulf (province) < Papouasie-Nouvelle-Guinée < Mélanésie < Océanie,https://collections.quaibranly.fr/cc/imageproxy.ashx?server=localhost&port=15012&filename=Objets/IDENTIFICATION_OBJETS/Photos_YMAGO/300000/354201y.jpg&cache=yes,https://collections.quaibranly.fr/#/objet/354201
qb:354211,qb,354211,Marupaï,Marupaï,Océanie,Orokolo,Milieu du 20e siècle.,Milieu du 20e siècle.,"Endocarpe de noix de coco naine ou noix de palmier incisée et rehaussée de pigment blanc (chaux ?), fibres végétales","Charme de chasse. Porté avec soi lors des parties de chasse, il assure au chasseur le succès lors de la capture de gibier. Il est fabriqué dans une noix de coco naine.",1999,,,,Hopaiku (village) < Orokolo (baie) < Kikori (district) < Gulf (province) < Papouasie-Nouvelle-Guinée < Mélanésie < Océanie,https://collections.quaibranly.fr/cc/imageproxy.ashx?server=localhost&port=15012&filename=Objets/IDENTIFICATION_OBJETS/Photos_YMAGO/300000/354211y.jpg&cache=yes,https://collections.quaibranly.fr/#/objet/354211
qb:354212,qb,354212,Marupaï,Marupaï,Océanie,Orokolo,Milieu du 20e siècle.,Milieu du 20e siècle.,"Endocarpe de noix de coco naine ou noix de palmier incisée et rehaussée de pigment blanc (chaux ?), fibres végétales","Charme de chasse. Porté avec soi lors des parties de chasse, il assure au chasseur le succès lors de la capture de gibier. Il est fabriqué dans une noix de coco naine.",1999,,,,Hopaiku (village) < Orokolo (baie) < Kikori (district) < Gulf (province) < Papouasie-Nouvelle-Guinée < Mélanésie < Océanie,https://collections.quaibranly.fr/cc/imageproxy.ashx?server=localhost&port=15012&filename=Objets/IDENTIFICATION_OBJETS/Photos_YMAGO/300000/354212y.jpg&cache=yes,https://collections.quaibranly.fr/#/objet/354212
qb:354219,qb,354219,Marupaï,Marupaï,Océanie,Orokolo,Milieu du 20e siècle.,Milieu du 20e siècle.,"Endocarpe de noix de coco naine ou noix de palmier incisée et rehaussée de pigment blanc (chaux ?), fibres végétales","Charme de chasse. Porté avec soi lors des parties de chasse, il assure au chasseur le succès lors de la capture de gibier. Il est fabriqué dans une noix de coco naine.",1999,,,,Hopaiku (village) < Orokolo (baie) < Kikori (district) < Gulf (province) < Papouasie-Nouvelle-Guinée < Mélanésie < Océanie,https://collections.quaibranly.fr/cc/imageproxy.ashx?server=localhost&port=15012&filename=Objets/IDENTIFICATION_OBJETS/Photos_YMAGO/300000/354219y.jpg&cache=yes,https://collections.quaibranly.fr/#/objet/354219
qb:354220,qb,354220,Marupaï,Marupaï,Océanie,Orokolo,Milieu du 20e siècle.,Milieu du 20e siècle.,"Endocarpe de noix de coco naine ou noix de palmier incisée et rehaussée de pigment blanc (chaux ?), fibres végétales","Charme de chasse. Porté avec soi lors des parties de chasse, il assure au chasseur le succès lors de la capture de gibier. Il est fabriqué dans une noix de coco naine.",1999,,,,Hopaiku (village) < Orokolo (baie) < Kikori (district) < Gulf (province) < Papouasie-Nouvelle-Guinée < Mélanésie < Océanie,https://collections.quaibranly.fr/cc/imageproxy.ashx?server=localhost&port=15012&filename=Objets/IDENTIFICATION_OBJETS/Photos_YMAGO/300000/354220y.jpg&cache=yes,https://collections.quaibranly.fr/#/objet/354220
qb:354225,qb,354225,Marupaï,Marupaï,Océanie,Orokolo,Milieu du 20e siècle.,Milieu du 20e siècle.,"Endocarpe de noix de coco naine ou noix de palmier incisée et rehaussée de pigment blanc (chaux ? ), fibres végétales","Charme de chasse. Porté avec soi lors des parties de chasse, il assure au chasseur le succès lors de la capture de gibier. Il est fabriqué dans une noix de coco naine.",1999,,,,Hopaiku (village) < Orokolo (baie) < Kikori (district) < Gulf (province) < Papouasie-Nouvelle-Guinée < Mélanésie < Océanie,https://collections.quaibranly.fr/cc/imageproxy.ashx?server=localhost&port=15012&filename=Objets/IDENTIFICATION_OBJETS/Photos_YMAGO/300000/354225y.jpg&cache=yes,https://collections.quaibranly.fr/#/objet/354225
qb:354227,qb,354227,Marupaï,Marupaï,Océanie,Orokolo,Milieu du 20e siècle.,Milieu du 20e siècle.,"Endocarpe de noix de coco naine ou noix de palmier incisée et rehaussée de pigment blanc (chaux ?), fibres végétales","Charme de chasse. Porté avec soi lors des parties de chasse, il assure au chasseur le succès lors de la capture de gibier. Il est fabriqué dans une noix de coco naine.",1999,,,,Hopaiku (village) < Orokolo (baie) < Kikori (district) < Gulf (province) < Papouasie-Nouvelle-Guinée < Mélanésie < Océanie,https://collections.quaibranly.fr/cc/imageproxy.ashx?server=localhost&port=15012&filename=Objets/IDENTIFICATION_OBJETS/Photos_YMAGO/300000/354227y.jpg&cache=yes,https://collections.quaibranly.fr/#/objet/354227
qb:358828,qb,358828,Bâton cérémoniel,Bâton cérémoniel,Océanie,,Première moitié du 19e siècle,Première moitié du 19e siècle,"Bois, sparterie, cheveux","Bâton cérémoniel, objet de prestige et de rang reservé aux élites de la société marquisienne. Une étiquette ancienne indique que cet objet aurait appartenu à ""Matahiva, grande prétresse des Taïva""Les cheveux utilisés sont le plus souvent ceux d'ennemis vaincus ou les reliques d'ancêtres défunts. Portés par les personnages de haut rang (hommes et femmes) en contexte cérémoniel, ils indiquaient le statut <tapu> de leur possesseur.Les <tokotoko pioo> sont des insignes de rang composés d’un long bâton, généralement en bois de fer, finement poli et orné en partie supérieure d’une sparterie en fibres végétales (bourre de coco) souvent rehaussée de motifs en cheveux humains. Parfois d’autres matériaux, comme de la laine, venaient s’y ajouter. Les motifs ainsi formés sont géométriques (damiers, croix, losanges, chevrons), plus rarement figuratifs (lézard). Les <tokotoko pioo> sont surmontés d’une boule de cheveux que des artisans spécialisés (<tuhuka>) faisaient boucler en les chauffant autour d’un bâton. Il s’agit d’un matériau précieux et sacré (<tapu>), issu de la tête - c’est-à-dire de la partie la plus sacrée (<tapu>) du corps en Polynésie – d’ancêtres ou d’ennemis.",1844,,,,Nuku Hiva (île) < Marquises (îles) < Polynésie française < Polynésie < Océanie,https://collections.quaibranly.fr/cc/imageproxy.ashx?server=localhost&port=15012&filename=Objets/Images/358/358828.jpg&cache=yes,https://collections.quaibranly.fr/#/objet/358828
qb:358832,qb,358832,Bâton cérémoniel,Bâton cérémoniel,Océanie,,Première moitié du 19e siècle,Première moitié du 19e siècle,"Bois, sparterie de bourre de coco, cheveux, poils de barbe de vieillard, laine? rouge","Bâton cérémoniel, objet de prestige et de rang reservé aux élites de la société marquisienne. Une étiquette ancienne indique que cet objet aurait appartenu à la reine ou grande cheffesse de Nuku Hiva, TahiaokoLes cheveux utilisés sont le plus souvent ceux d'ennemis vaincus ou les reliques d'ancêtres défunts. Portés par les personnages de haut rang (hommes et femmes) en contexte cérémoniel, ils indiquaient le statut <tapu> de leur possesseur.Les <tokotoko pioo> sont des insignes de rang composés d’un long bâton, généralement en bois de fer, finement poli et orné en partie supérieure d’une sparterie en fibres végétales (bourre de coco) souvent rehaussée de motifs en cheveux humains, ce qui n'est pas le cas ici. Parfois comme ici, d’autres matériaux telle de la laine venaient rehausser le travail de sparterie. Les motifs ainsi formés sont géométriques (damiers, croix, losanges, chevrons), plus rarement figuratifs (lézard). Les <tokotoko pioo> sont surmontés d’une boule de cheveux, un matériau précieux et sacré (<tapu>), issu de la tête - c’est-à-dire de la partie la plus sacrée (<tapu>) du corps en Polynésie – d’ancêtres ou d’ennemis. Cet exemplaire est exceptionnellement orné d'une touffe de poils de barbe de vieillard (<pavahina>), également très valalorisés. Ces matériaux étaient mis en oeuvre par des artisans spécialisés (<tuhuka>).",1844,,,,Nuku Hiva (île) < Marquises (îles) < Polynésie française < Polynésie < Océanie,https://collections.quaibranly.fr/cc/imageproxy.ashx?server=localhost&port=15012&filename=Objets/IDENTIFICATION_OBJETS/Photos_YMAGO/300000/358832y.jpg&cache=yes,https://collections.quaibranly.fr/#/objet/358832
qb:358884,qb,358884,Massue,Massue,Océanie,Fidjien,Fin du 18e ou début du 19e siècle,Fin du 18e ou début du 19e siècle,Bois,"Armement. Massue d'un type rare qu'on trouve plus souvent dans les collections en provenance de Tonga, mais que les gravures en partie basse et l'absence de protubérance à la base rapprochent ici davantage des armes fidjiennes. Les échanges, y compris stylistiques, entre les deux archipels étaient autrefois nombreux.",,,,,Fidji < Mélanésie < Océanie,https://collections.quaibranly.fr/cc/imageproxy.ashx?server=localhost&port=15012&filename=Objets/Images/358/358884.jpg&cache=yes,https://collections.quaibranly.fr/#/objet/358884
qb:358919,qb,358919,Massue,Massue,Océanie,Fidjien,début du 19e siècle,début du 19e siècle,"Bois sculpté et gravé, fibres végétales (coco, magimagi en fidjien), pigments",Armement. Massue cérémonielle.,,,,,Fidji < Mélanésie < Océanie,https://collections.quaibranly.fr/cc/imageproxy.ashx?server=localhost&port=15012&filename=Objets/Images/358/358919.jpg&cache=yes,https://collections.quaibranly.fr/#/objet/358919
qb:359023,qb,359023,Pendentif,Pendentif,Océanie,-,début du 19e siècle,début du 19e siècle,"Coquillage (tridacne), fibres végétales tressées.",Ornement corporel de chefferie,,,,,"Nouvelle-Georgie (îles) < Western (province) < Salomon, îles < Mélanésie < Océanie",https://collections.quaibranly.fr/cc/imageproxy.ashx?server=localhost&port=15012&filename=Objets/Images/359/359023.jpg&cache=yes,https://collections.quaibranly.fr/#/objet/359023
qb:359030,qb,359030,Pendentif,Pendentif,Océanie,-,début du 19e siècle,début du 19e siècle,"Tridacne, fibres végétales tressées.",Ornement corporel de chefferie,,,,,"Nouvelle-Georgie (îles) < Western (province) < Salomon, îles < Mélanésie < Océanie",https://collections.quaibranly.fr/cc/imageproxy.ashx?server=localhost&port=15012&filename=Objets/IDENTIFICATION_OBJETS/Photos_YMAGO/300000/359030y.jpg&cache=yes,https://collections.quaibranly.fr/#/objet/359030
qb:359082,qb,359082,Collier,Collier,Océanie,Fidjien,début du 19e siècle,début du 19e siècle,"Mandibules de chauve-souris roussette (beka, Pteropus sp.) (25 dont 2 cassées - 1 mandibule peut-être manquante), fibres végétales dont fibres d'hibiscus (vau) torsadées et teintées","La comparaison avec un objet apparenté, conservé au Pitt Rivers Museum à Oxford (Angleterre), suggère que ce type d'ornements pouvait servir de monnaie. Peu d'informations sont connues sur le rôle de la chauve-souris à Fidji. Dans la région de Rewa (Sud Est de Viti Levu), certaines danses imitiaient le vol de la roussette. La roussette est aussi considérée comme un animal totem par certains groupes, notamment sur l'île de Moce, un des îles des Lau ou Fidji Orientales. Dans certaines régions de Viti Levu, les chauves-souris étaient chassées rituellement. A Tonga, selon Adrienne Kaeppler, la chauve-souris roussette était étroitement liée à la famille royale.",,,,,Fidji < Mélanésie < Océanie,https://collections.quaibranly.fr/cc/imageproxy.ashx?server=localhost&port=15012&filename=Objets/Images/359/359082.jpg&cache=yes,https://collections.quaibranly.fr/#/objet/359082
qb:359224,qb,359224,Éventail,Éventail,Océanie,Marquisien,début du 19e siècle,début du 19e siècle,"Bois, fibres végétales<br>Vannerie","En dehors de sa fonction utilitaire, l'éventail était aussi un objet de parure arboré lors des cérémonies, un insigne de distinction réservé aux personnes de haut rang et aux prêtres. Bien précieux transmis de génération en génération. Remarquable par la finesse de leur exécution, ils étaient fabriqués par des spécialistes ""tuhuka aaka tāhii"" pour le tressage et ""tuhuka kee tāhii"" pour les manches, alliant ainsi des savoir faire masculin (sculpture) et féminin (tressage).",,,,,Nuku Hiva (île) < Marquises (îles) < Polynésie française < Polynésie < Océanie,https://collections.quaibranly.fr/cc/imageproxy.ashx?server=localhost&port=15012&filename=Objets/IDENTIFICATION_OBJETS/Photos_YMAGO/300000/359224y.jpg&cache=yes,https://collections.quaibranly.fr/#/objet/359224
qb:359254,qb,359254,Massue,Massue,Océanie,Fidjien,"Fin 18e siècle, début 19e siècle","Fin 18e siècle, début 19e siècle","Bois sculpté, ivoire de cachalot (Physeter macrophalus)","Arme de prestige, utilisée en contexte cérémoniel.",,,,,Fidji < Mélanésie < Océanie,https://collections.quaibranly.fr/cc/imageproxy.ashx?server=localhost&port=15012&filename=Objets/IDENTIFICATION_OBJETS/Photos_YMAGO/300000/359254y-3.jpg&cache=yes,https://collections.quaibranly.fr/#/objet/359254
qb:359353,qb,359353,Éventail,Éventail,Océanie,Teüs,début du 19e siècle,début du 19e siècle,"Os, fibres végétales<br>Technique : Vannerie","En dehors de sa fonction utilitaire, l'éventail était aussi un objet de parure arboré lors des cérémonies, un insigne de distinction réservé aux personnes de haut rang et aux prêtres. Bien précieux transmis de génération en génération. Remarquable par la finesse de leur exécution, ils étaient fabriqués par des spécialistes ""tuhuka aaka tāhii"" pour le tressage et ""tuhuka kee tāhii"" pour les manches, alliant ainsi des savoir faire masculin (sculpture) et féminin (tressage).",,,,,Marquises (îles) < Polynésie française < Polynésie < Océanie,https://collections.quaibranly.fr/cc/imageproxy.ashx?server=localhost&port=15012&filename=Objets/IDENTIFICATION_OBJETS/Photos_YMAGO/300000/359353y-1.jpg&cache=yes,https://collections.quaibranly.fr/#/objet/359353
qb:359354,qb,359354,Éventail,Éventail,Océanie,Marquisien,début du 19e siècle,début du 19e siècle,"Bois, fibres végétales.<br>Technique : Vannerie","En dehors de sa fonction utilitaire, l'éventail était aussi un objet de parure arboré lors des cérémonies, un insigne de distinction réservé aux personnes de haut rang et aux prêtres. Bien précieux transmis de génération en génération. Remarquable par la finesse de leur exécution, ils étaient fabriqués par des spécialistes ""tuhuka aaka tāhii"" pour le tressage et ""tuhuka kee tāhii"" pour les manches, alliant ainsi des savoir faire masculin (sculpture) et féminin (tressage). Cette forme de manche, simplement évasée à chaque extrémité, est considérée plus ancienne que les manches sculptés figurant des <tiki>",,,,,Marquises (îles) < Polynésie française < Polynésie < Océanie,https://collections.quaibranly.fr/cc/imageproxy.ashx?server=localhost&port=15012&filename=Objets/IDENTIFICATION_OBJETS/Photos_YMAGO/300000/359354y.jpg&cache=yes,https://collections.quaibranly.fr/#/objet/359354
qb:359385,qb,359385,Effigie ancestrale,Effigie ancestrale,Océanie,Maori,fin 18e ou début du 19e siècle,fin 18e ou début du 19e siècle,"Bois dense sculpté, cire à cacheter (?), fibres végétales (harakeke, Phormium tenax), ocre rouge?","Il s'agit vraisemblablement d'une effigie ancestrale (whakapakoko ou atua rākau). Ces pièces très rares dans les collections muséales étaient des objets cérémoniels d'une grande importance en Nouvelle-Zélande (Aotearoa) avant la période coloniale. La qualité de la sculpture, l'utilisation de matériaux signifiants (bois dense, cire à cacheter rouge et fibres d'harakeke) vont dans le sens d'une pièce à laquelle une grande puissance était attribuée dans son contexte culturel d'origine. ""Réservées à un petit nombre d’initiés reconnus en qualité d’experts-rituels (tohunga), les effigies ancestrales (whakapakoko) étaient, par le passé, fréquemment mobilisées au cours de différentes cérémonies pour convoquer des ancêtres. Pour ce faire, les experts-rituels les animaient à l’aide d’ocre rouge, de fines cordelettes d’harakeke et de plumes. En tant que telles les effigies d’ancêtres devenaient elles-mêmes des ancêtres éloignés remarquables, des taumata atua.""(Renard, 2020 : 444)Il pourrait également s'agir d'un bâton de commandement. D'après Lisa Renard (post-doctorante de la Fondation Fyssen à l'Université d'Auckland 2023-2025), il s'agirait alors de l'un des très rares si ce n'est l'unique exemplaire de bâton de commandement conservé dans des collections muséales en dehors d’Aotearoa - la Nouvelle-Zélande. Ce taonga (trésor ancestral) témoigne de façon unique d’une période clé de l’histoire de l’île du Nord, puisqu’au début du mois de mars 1827, quelques jours après leur rencontre avec Hinaki qui échangea cette effigie avec le navigateur J.S.C. Dumont d'Urville contre une médaille de bronze, les marins français virent la flotte du chef Hongi Hika quitter Whangarei pour se diriger vers le golfe de Hauraki, où Hinaki et ses hommes se préparaient à l'un des affrontements les plus importants de l’histoire de la région.",,,,,Nouvelle-Zélande < Polynésie < Océanie,https://collections.quaibranly.fr/cc/imageproxy.ashx?server=localhost&port=15012&filename=Objets/IDENTIFICATION_OBJETS/Photos_YMAGO/300000/359385y.jpg&cache=yes,https://collections.quaibranly.fr/#/objet/359385
qb:361493,qb,361493,Éventail,Éventail,Océanie,Marquisien,début du 19e siècle,début du 19e siècle,"Os, fibres végétales<br>Vannerie","En dehors de sa fonction utilitaire, l'éventail était aussi un objet de parure arboré lors des cérémonies, un insigne de distinction réservé aux personnes de haut rang et aux prêtres. Bien précieux transmis de génération en génération. Remarquable par la finesse de leur exécution, ils étaient fabriqués par des spécialistes ""tuhuka aaka tāhii"" pour le tressage et ""tuhuka kee tāhii"" pour les manches, alliant ainsi des savoir faire masculin (sculpture) et féminin (tressage).",,,,,Marquises (îles) < Polynésie française < Polynésie < Océanie,https://collections.quaibranly.fr/cc/imageproxy.ashx?server=localhost&port=15012&filename=Objets/IDENTIFICATION_OBJETS/Photos_YMAGO/300000/361493y.jpg&cache=yes,https://collections.quaibranly.fr/#/objet/361493
qb:364949,qb,364949,Bol,Bol,Afrique,Fali,avant 1938,avant 1938,Terre cuite rouge,Pour mettre la soupe avec le gateau.,1938,,,,Bénoué (région) < Géographie physique et culturelle < Afrique occidentale < Afrique,https://collections.quaibranly.fr/cc/imageproxy.ashx?server=localhost&port=15012&filename=Objets/Images/364/364949.jpg&cache=yes,https://collections.quaibranly.fr/#/objet/364949
qb:368136,qb,368136,Flèches,Flèches,Afrique,Sengas,avant 1900,avant 1900,"bois, fer, plumes",Armement.,1900,,,,Zambie < Afrique orientale < Afrique,https://collections.quaibranly.fr/cc/imageproxy.ashx?server=localhost&port=15012&filename=Objets/Images/368/368136.jpg&cache=yes,https://collections.quaibranly.fr/#/objet/368136
qb:377326,qb,377326,Amulette ?,Amulette ?,Amériques,non renseignée,,,Bois,Pour jeune enfant.,,,,,Brésil < Amérique du Sud < Amérique,https://collections.quaibranly.fr/cc/imageproxy.ashx?server=localhost&port=15012&filename=Objets/Images/377/377326.jpg&cache=yes,https://collections.quaibranly.fr/#/objet/377326
qb:383549,qb,383549,Massue de jet,Massue de jet,Océanie,Fidjien,Fin du 18e siècle ou début du 19e siècle,Fin du 18e siècle ou début du 19e siècle,"Bois sculpté, ivoire",Massue de jet. Aucune trace d'utilisation. Probablement un objet cérémoniel.,,,,,Fidji < Mélanésie < Océanie,https://collections.quaibranly.fr/cc/imageproxy.ashx?server=localhost&port=15012&filename=Objets/Images/383/383549.jpg&cache=yes,https://collections.quaibranly.fr/#/objet/383549
qb:383558,qb,383558,Marupaï,Marupaï,Océanie,Orokolo,Milieu du 20e siècle.,Milieu du 20e siècle.,"Endocarpe de noix de coco naine ou noix de palmier incisée et rehaussée de pigment blanc (chaux), fibres végétales","Charme de chasse. Porté avec soi lors des parties de chasse, il assure au chasseur le succès lors de la capture de gibier. Il est fabriqué dans une noix de coco naine.",1999,,,,Hopaiku (village) < Orokolo (baie) < Kikori (district) < Gulf (province) < Papouasie-Nouvelle-Guinée < Mélanésie < Océanie,https://collections.quaibranly.fr/cc/imageproxy.ashx?server=localhost&port=15012&filename=Objets/IDENTIFICATION_OBJETS/Photos_YMAGO/300000/383558y.jpg&cache=yes,https://collections.quaibranly.fr/#/objet/383558
qb:385900,qb,385900,"Collier, couronne ou anneau de chapeau","Collier, couronne ou anneau de chapeau",Océanie,-,Avant 1877,Avant 1877,"Coquilles, fibres (ficelle) et une petite perle de verre rouge (visible à la loupe)","Parure de tête, anneau de chapeau (?)",1929,,,,"Makira-Ulawa (province) < Salomon, îles < Mélanésie < Océanie",https://collections.quaibranly.fr/cc/imageproxy.ashx?server=localhost&port=15012&filename=Objets/Images/385/385900.jpg&cache=yes,https://collections.quaibranly.fr/#/objet/385900
qb:391812,qb,391812,Objet indéterminé,Objet indéterminé,Mondialisation historique et contemporaine,,,,Ivoire,Usage indéterminé.,,,,,?,https://collections.quaibranly.fr/cc/imageproxy.ashx?server=localhost&port=15012&filename=Objets/Images/391/391812.jpg&cache=yes,https://collections.quaibranly.fr/#/objet/391812
qb:391820,qb,391820,Elément cylindrique,Elément cylindrique,Mondialisation historique et contemporaine,,début du 20e siècle,début du 20e siècle,Ivoire,Objet de démonstration pour présentater l'ensemble des objets que l'on pouvait produire dans une défense d'éléphant,1941,,,,Europe,https://collections.quaibranly.fr/cc/imageproxy.ashx?server=localhost&port=15012&filename=Objets/Images/391/391820.jpg&cache=yes,https://collections.quaibranly.fr/#/objet/391820
qb:391877,qb,391877,Moulin à sel,Moulin à sel,Mondialisation historique et contemporaine,Européen,c.1938,c.1938,Ivoire,L'ensemble des objets produits par monsieur Doderay (ivoirier parisien) a été commandé par le musée de la France d'outre-mer pour illustrer tout ce que l'on pouvait produire dans une défense d'éléphant.L'objet était exposé dans la vitrine des ivoires de la section économique du musée de la France d'Outre-mer.,1938,,,,Paris (département) < Ile de France < France < Europe occidentale < Europe,,https://collections.quaibranly.fr/#/objet/391877
qb:391882,qb,391882,Arme de pêche,Arme de pêche,Mondialisation historique et contemporaine,,,,Os de baleine,L'objet était exposé à l'aquarium du Musée de la France d'Outre-mer pour illustrer les différentes techniques de pêche.,1948,,,,?,https://collections.quaibranly.fr/cc/imageproxy.ashx?server=localhost&port=15012&filename=Objets/IDENTIFICATION_OBJETS/Photos_YMAGO/300000/391882y.jpg&cache=yes,https://collections.quaibranly.fr/#/objet/391882
qb:391886,qb,391886,Objet non identifié,Objet non identifié,Mondialisation historique et contemporaine,,,,Ivoire et cuivre,"Acquisition indéterminée, Personne inconnue",,,,,Europe,,https://collections.quaibranly.fr/#/objet/391886
qb:391889,qb,391889,Objet non identifié,Objet non identifié,Mondialisation historique et contemporaine,,,,Ivoire,"Acquisition indéterminée, Personne inconnue",,,,,?,https://collections.quaibranly.fr/cc/imageproxy.ashx?server=localhost&port=15012&filename=Objets/Images/391/391889.jpg&cache=yes,https://collections.quaibranly.fr/#/objet/391889
qb:391956,qb,391956,Objet indéterminé,Objet indéterminé,Mondialisation historique et contemporaine,,,,Bois laqué,Usage indéterminé.,1932,,,,,https://collections.quaibranly.fr/cc/imageproxy.ashx?server=localhost&port=15012&filename=Objets/IDENTIFICATION_OBJETS/Photos_YMAGO/300000/391956y.jpg&cache=yes,https://collections.quaibranly.fr/#/objet/391956
qb:397543,qb,397543,Amulette de Kumanthong,Amulette de Kumanthong,Asie,Thaï,Fin du 20e siècle,Fin du 20e siècle,Mélange de cendre et de terre,"Amulette habitée par l'esprit d'un enfant. Son propriétaire doit s'en occuper comme un parent, en échange de réalisation de souhaits.",1993,,,,Bangkok < Thaïlande < Asie,https://collections.quaibranly.fr/cc/imageproxy.ashx?server=localhost&port=15012&filename=Objets/IDENTIFICATION_OBJETS/Photos_YMAGO/300000/397543y.jpg&cache=yes,https://collections.quaibranly.fr/#/objet/397543
qb:397606,qb,397606,Amulette,Amulette,Asie,Thaï,Fin du 20e siècle,Fin du 20e siècle,Cendres agglomérées,Objet de protection.,1993,,,,Bangkok < Thaïlande < Asie,https://collections.quaibranly.fr/cc/imageproxy.ashx?server=localhost&port=15012&filename=Objets/IDENTIFICATION_OBJETS/Photos_YMAGO/300000/397606y.jpg&cache=yes,https://collections.quaibranly.fr/#/objet/397606
qb:418829,qb,418829,Pied de lit,Pied de lit,Mondialisation historique et contemporaine,,,,Bois,Pied de lit africain employé pour soutenir les traverses du lit et les isoler du sol.,,,,,Afrique,,https://collections.quaibranly.fr/#/objet/418829
qb:418830,qb,418830,Pied de lit,Pied de lit,Mondialisation historique et contemporaine,,,,Bois,Pied de lit africain employé pour soutenir les traverses du lit et les isoler du sol.,,,,,Afrique,,https://collections.quaibranly.fr/#/objet/418830
qb:418891,qb,418891,Objet indéterminé,Objet indéterminé,Mondialisation historique et contemporaine,,,,Fibres végétales.<br>Vannerie.,Usage indéterminé.,,,,,?,,https://collections.quaibranly.fr/#/objet/418891
qb:419535,qb,419535,Objet indéterminé,Objet indéterminé,Mondialisation historique et contemporaine,,,,Terre cuite,Elément d'un instrument de musique (balaphon) ou jarre d'une statuette.,,,,,?,https://collections.quaibranly.fr/cc/imageproxy.ashx?server=localhost&port=15012&filename=Objets/Images/419/419535.jpg&cache=yes,https://collections.quaibranly.fr/#/objet/419535
qb:419766,qb,419766,Objet indéterminé,Objet indéterminé,Mondialisation historique et contemporaine,,,,Fibres.<br>Vannerie.,Usage indéterminé.,,,,,?,https://collections.quaibranly.fr/cc/imageproxy.ashx?server=localhost&port=15012&filename=Objets/Images/419/419766.jpg&cache=yes,https://collections.quaibranly.fr/#/objet/419766
qb:419795,qb,419795,Objet indéterminé,Objet indéterminé,Mondialisation historique et contemporaine,,,,Bois,Usage indéterminé.,,,,,?,https://collections.quaibranly.fr/cc/imageproxy.ashx?server=localhost&port=15012&filename=Objets/Images/419/419795.jpg&cache=yes,https://collections.quaibranly.fr/#/objet/419795
qb:419954,qb,419954,Marmite,Marmite,Mondialisation historique et contemporaine,,début du 20e siècle,début du 20e siècle,"Laiton, cuivre ?","Donateur, Institut des régions chaudes (Montpellier) (1940)",1940,,,,,https://collections.quaibranly.fr/cc/imageproxy.ashx?server=localhost&port=15012&filename=Objets/Images/419/419954.jpg&cache=yes,https://collections.quaibranly.fr/#/objet/419954
qb:420263,qb,420263,Elément d'un modèle réduit de pagode,Elément d'un modèle réduit de pagode,Mondialisation historique et contemporaine,,début du 20e siècle,début du 20e siècle,Bois,"Acquisition indéterminée, Personne inconnue",,,,,Asie,https://collections.quaibranly.fr/cc/imageproxy.ashx?server=localhost&port=15012&filename=Objets/IDENTIFICATION_OBJETS/Photos_YMAGO/400000/420263y.jpg&cache=yes,https://collections.quaibranly.fr/#/objet/420263
qb:420356,qb,420356,Objet indéterminé,Objet indéterminé,Mondialisation historique et contemporaine,,,,Bois,Usage indéterminé.,,,,,?,https://collections.quaibranly.fr/cc/imageproxy.ashx?server=localhost&port=15012&filename=Objets/Images/420/420356.jpg&cache=yes,https://collections.quaibranly.fr/#/objet/420356
qb:420409,qb,420409,Objet indéterminé,Objet indéterminé,Mondialisation historique et contemporaine,,,,"Ficelle, bois",Usage indéterminé.,,,,,?,https://collections.quaibranly.fr/cc/imageproxy.ashx?server=localhost&port=15012&filename=Objets/Images/420/420409.jpg&cache=yes,https://collections.quaibranly.fr/#/objet/420409
qb:420412,qb,420412,Objet indéterminé,Objet indéterminé,Mondialisation historique et contemporaine,,,,"Raphia, coton.<br>Vannerie.",Usage indéterminé.,,,,,?,https://collections.quaibranly.fr/cc/imageproxy.ashx?server=localhost&port=15012&filename=Objets/Images/420/420412.jpg&cache=yes,https://collections.quaibranly.fr/#/objet/420412
qb:420442,qb,420442,Objet indéterminé,Objet indéterminé,Mondialisation historique et contemporaine,,,,"Ecaille, papier",Usage indéterminé.,1941,,,,Asie,https://collections.quaibranly.fr/cc/imageproxy.ashx?server=localhost&port=15012&filename=Objets/Images/420/420442.jpg&cache=yes,https://collections.quaibranly.fr/#/objet/420442
qb:420460,qb,420460,Objet indéterminé,Objet indéterminé,Mondialisation historique et contemporaine,,,,Bois sculpté,Usage indéterminé.,,,,,?,https://collections.quaibranly.fr/cc/imageproxy.ashx?server=localhost&port=15012&filename=Objets/Images/420/420460.jpg&cache=yes,https://collections.quaibranly.fr/#/objet/420460
qb:420462,qb,420462,Objet indéterminé,Objet indéterminé,Mondialisation historique et contemporaine,,,,"Bois, cuir, coton",Usage indéterminé.,,,,,?,https://collections.quaibranly.fr/cc/imageproxy.ashx?server=localhost&port=15012&filename=Objets/Images/420/420462.jpg&cache=yes,https://collections.quaibranly.fr/#/objet/420462
qb:420499,qb,420499,Objet indéterminé,Objet indéterminé,Mondialisation historique et contemporaine,,,,Bois,Usage indéterminé.,,,,,?,https://collections.quaibranly.fr/cc/imageproxy.ashx?server=localhost&port=15012&filename=Objets/Images/420/420499.jpg&cache=yes,https://collections.quaibranly.fr/#/objet/420499
qb:420508,qb,420508,Objet indéterminé,Objet indéterminé,Mondialisation historique et contemporaine,,,,Bois laqué,Usage indéterminé.,,,,,?,https://collections.quaibranly.fr/cc/imageproxy.ashx?server=localhost&port=15012&filename=Objets/Images/420/420508.jpg&cache=yes,https://collections.quaibranly.fr/#/objet/420508
qb:420530,qb,420530,Objet indéterminé,Objet indéterminé,Mondialisation historique et contemporaine,,,,Bois,Usage indéterminé.,1940,,,,?,https://collections.quaibranly.fr/cc/imageproxy.ashx?server=localhost&port=15012&filename=Objets/Images/420/420530.jpg&cache=yes,https://collections.quaibranly.fr/#/objet/420530
qb:420623,qb,420623,Bâton,Bâton,Mondialisation historique et contemporaine,,,,"Bois, métal, ivoire","Acquisition indéterminée, Personne inconnue",,,,,?,https://collections.quaibranly.fr/cc/imageproxy.ashx?server=localhost&port=15012&filename=Objets/Images/420/420623.jpg&cache=yes,https://collections.quaibranly.fr/#/objet/420623
qb:420696,qb,420696,Défense d'éléphant travaillée,Défense d'éléphant travaillée,Mondialisation historique et contemporaine,Européen,1931,1931,Ivoire,Objet produit par un ivoirier parisien (Mr Doderay) pour illustrer tout ce que l'on pouvait produire dans une défense d'éléphant. Présenté à l'Exposition coloniale internationale de Paris en 1931.,1936,,,,Europe,https://collections.quaibranly.fr/cc/imageproxy.ashx?server=localhost&port=15012&filename=Objets/IDENTIFICATION_OBJETS/Photos_YMAGO/400000/420696y.jpg&cache=yes,https://collections.quaibranly.fr/#/objet/420696
qb:420697,qb,420697,Défense d'éléphant travaillée,Défense d'éléphant travaillée,Mondialisation historique et contemporaine,Européen,1931,1931,Ivoire,Objet produit par un ivoirier parisien (Mr Doderay) pour illustrer tout ce que l'on pouvait produire dans une défense d'éléphant.,1936,,,,Europe,https://collections.quaibranly.fr/cc/imageproxy.ashx?server=localhost&port=15012&filename=Objets/IDENTIFICATION_OBJETS/Photos_YMAGO/400000/420697y.jpg&cache=yes,https://collections.quaibranly.fr/#/objet/420697
qb:420887,qb,420887,Broche,Broche,Mondialisation historique et contemporaine,-,20e siècle?,20e siècle?,Métal,"Habillement, parure.Sans doute un objet de fabrication européenne.",1935,,,,Océanie,https://collections.quaibranly.fr/cc/imageproxy.ashx?server=localhost&port=15012&filename=Objets/IDENTIFICATION_OBJETS/Photos_YMAGO/400000/420887y.jpg&cache=yes,https://collections.quaibranly.fr/#/objet/420887
qb:421148,qb,421148,"Les Anglais chassés de l'ïle Saint Christophe, 1666","Les Anglais chassés de l'ïle Saint Christophe, 1666",Mondialisation historique et contemporaine,,1666,1666,Bronze,Usage commémoratif.,1950,,,,,https://collections.quaibranly.fr/cc/imageproxy.ashx?server=localhost&port=15012&filename=Objets/Images/421/421148.jpg&cache=yes,https://collections.quaibranly.fr/#/objet/421148
qb:421149,qb,421149,"Les Anglais chassés de l'ïle Saint Christophe, 1666","Les Anglais chassés de l'ïle Saint Christophe, 1666",Mondialisation historique et contemporaine,,1666,1666,Bronze,Usage commémoratif.,1950,,,,,https://collections.quaibranly.fr/cc/imageproxy.ashx?server=localhost&port=15012&filename=Objets/Images/421/421149.jpg&cache=yes,https://collections.quaibranly.fr/#/objet/421149
qb:421150,qb,421150,"Les Anglais chassés de l'ïle Saint Christophe, 1666","Les Anglais chassés de l'ïle Saint Christophe, 1666",Mondialisation historique et contemporaine,,1666,1666,Bronze,Usage commémoratif.,1950,,,,,https://collections.quaibranly.fr/cc/imageproxy.ashx?server=localhost&port=15012&filename=Objets/Images/421/421150.jpg&cache=yes,https://collections.quaibranly.fr/#/objet/421150
qb:421153,qb,421153,"La prise du fort de Tabago, 1677","La prise du fort de Tabago, 1677",Mondialisation historique et contemporaine,,1677,1677,Bronze,Usage commémoratif.,1950,,,,,https://collections.quaibranly.fr/cc/imageproxy.ashx?server=localhost&port=15012&filename=Objets/Images/421/421153.jpg&cache=yes,https://collections.quaibranly.fr/#/objet/421153
qb:421154,qb,421154,"La prise du fort de Tabago, 1677","La prise du fort de Tabago, 1677",Mondialisation historique et contemporaine,,1677,1677,Bronze ?,Usage commémoratif.,1950,,,,,https://collections.quaibranly.fr/cc/imageproxy.ashx?server=localhost&port=15012&filename=Objets/Images/421/421154.jpg&cache=yes,https://collections.quaibranly.fr/#/objet/421154
qb:421155,qb,421155,"La prise du fort de Tabago, 1677","La prise du fort de Tabago, 1677",Mondialisation historique et contemporaine,,1677,1677,Bronze ?,Usage commémoratif.,1950,,,,,https://collections.quaibranly.fr/cc/imageproxy.ashx?server=localhost&port=15012&filename=Objets/Images/421/421155.jpg&cache=yes,https://collections.quaibranly.fr/#/objet/421155
qb:421156,qb,421156,"Les ambassadeurs du roi de Siam, 1686","Les ambassadeurs du roi de Siam, 1686",Mondialisation historique et contemporaine,,1686,1686,Bronze,Usage commémoratif.,1950,,,,France < Europe occidentale < Europe,https://collections.quaibranly.fr/cc/imageproxy.ashx?server=localhost&port=15012&filename=Objets/Images/421/421156.jpg&cache=yes,https://collections.quaibranly.fr/#/objet/421156
qb:421157,qb,421157,"Les ambassadeurs du roi de Siam, 1686","Les ambassadeurs du roi de Siam, 1686",Mondialisation historique et contemporaine,,1686,1686,Bronze,Usage commémoratif.,1950,,,,,https://collections.quaibranly.fr/cc/imageproxy.ashx?server=localhost&port=15012&filename=Objets/Images/421/421157.jpg&cache=yes,https://collections.quaibranly.fr/#/objet/421157
qb:422687,qb,422687,Objet indéterminé,Objet indéterminé,Mondialisation historique et contemporaine,,,,Métal,Usage indéterminé.,,,,,?,https://collections.quaibranly.fr/cc/imageproxy.ashx?server=localhost&port=15012&filename=Objets/IDENTIFICATION_OBJETS/Photos_YMAGO/400000/422687y.jpg&cache=yes,https://collections.quaibranly.fr/#/objet/422687
qb:432677,qb,432677,Amulette,Amulette,Asie,Thaï,2013,2013,Os de poisson (?),Objet de protection.,2013,,,,Bangkok < Thaïlande < Asie,https://collections.quaibranly.fr/cc/imageproxy.ashx?server=localhost&port=15012&filename=Objets/IDENTIFICATION_OBJETS/Photos_YMAGO/400000/432677y.jpg&cache=yes,https://collections.quaibranly.fr/#/objet/432677
qb:432954,qb,432954,Massue,Massue,Océanie,-,fin du 19e - début du 20e siècle,fin du 19e - début du 20e siècle,"Bois, fibres végétales","Massue de guerre probablement fonctionnelle associée aux raids guerriers et de chasse aux têtes qui étaient fréquents, jusqu'à la pacification britannique imposée à la fin du 19e siècle, entre la région de Santa Isabel et l'archipel de la Nouvelle-Georgie à l'ouest. Le travail détaillé des motifs pourrait laisser penser que cette arme pouvait avoir une fonction cérémonielle ou de prestige également. Elle pouvait intervenir dans des danses guerrières visant à assurer, avant le départ, le succès de l'expédition. Les bâtons étaient manipulés par les hommes, associés aux boucliers en vannerie incrustés. Les hommes faisaient tournoyer le bouclier et la massue donnant aux motifs anthropomorphes un effet visuel éblouissant, annonciateur du trouble qui ferait tomber les ennemis au combat. Cette question de l'impact visuel des motifs est centrale dans la perception et l'efficacité des objets océaniens. Le motif du crocodile est très fréquemment associé, aux îles Salomon occidentales, aux valeurs d'agressivité qui interviennent dans la pratique de la chasse aux têtes. On trouve ce motif du crocodile sculpté en ronde bosse sur d'autres massues ou  sur de très grands plats cérémoniels utilisés pour honorer les grands chasseurs de tête après une expédition ou bien encore sur des éléments de décor de canot de guerre.",2014,,,,"Isabel (île) < Isabel (province) < Salomon, îles < Mélanésie < Océanie",https://collections.quaibranly.fr/cc/imageproxy.ashx?server=localhost&port=15012&filename=Objets/IDENTIFICATION_OBJETS/Photos_YMAGO/400000/432954y.jpg&cache=yes,https://collections.quaibranly.fr/#/objet/432954
qb:437532,qb,437532,Objet indéterminé,Objet indéterminé,Mondialisation historique et contemporaine,,,,Ivoire,Usage indéterminé.,,,,,Europe occidentale < Europe,https://collections.quaibranly.fr/cc/imageproxy.ashx?server=localhost&port=15012&filename=Objets/Images/437/437532.jpg&cache=yes,https://collections.quaibranly.fr/#/objet/437532
qb:1011229,qb,1011229,Volume tatoué,Volume tatoué,Mondialisation historique et contemporaine,,2013,2013,encre sur silicone,"Chimé pratique depuis presque 30 ans le tatouage Mâ’ohi, composante essentielle de l’héritage esthétique du Pacifique. Né en 1961, Chimé est natif de l’île de Moorea (Polynésie). Sur place, le tatouage originel s’est raréfié, pour quasiment disparaître, particulièrement à cause des tactiques décourageantes des missionnaires chrétiens installés sur l’île depuis la fin du 18ème siècle, pour lesquels le tatouage constituait une pratique païenne. Après un long temps d’abandon de la pratique se cristallise dans les années 1970 et 1980 le désir d’un renouveau identitaire - les tatoueurs Roonui, Purotu et Chimé en deviendront les principaux porteurs de flambeau. A trois, ils relancent la pratique du tatouage sur les îles de Tahiti et Moorea, où étaient situés leurs studios respectifs. Tandis que Chimé a commencé par tatouer dans la rue à l’âge de 14 ans à l’aide d’aiguilles plantées dans des allumettes, il sera par la suite « honorablement » instruit par le chef coutumier et « grand prêtre » Raymond Graffe, et par l’expert Samoan Su’a Sulu’ape Paulo II (ces derniers dénommés Tuhuka patutiki, maîtres spécialistes du tatouage, ou Tahua tatau, prêtres habilités à manier l’art du tatouage). Encouragé par le vif intérêt manifesté à cette période par les pays occidentaux pour les diverses formes de tatouages tribaux, c’est à Barcelone que Chimé décide de présenter son travail pour la première fois en Europe. Il devient ainsi le premier de sa catégorie à venir pratiquer le tatouage Maori sur ce continent. Depuis, il n’a de cesse de perpétuer l’héritage ancestral pour lequel il se bat. Chimé vit et travaille dans son studio Chimé Tatau à Bordeaux (France),  et est un membre actif du Syndicat National des Artistes Tatoueurs Français.Anne & Julien",2017,,,,France < Europe occidentale < Europe,https://collections.quaibranly.fr/cc/imageproxy.ashx?server=localhost&port=15012&filename=Objets/IDENTIFICATION_OBJETS/Photos_YMAGO/1000000/1011229y.jpg&cache=yes,https://collections.quaibranly.fr/#/objet/1011229
qb:1047737,qb,1047737,Vue prise à Amboine dans le ravin de Batou-Ganton (Moluques),Vue prise à Amboine dans le ravin de Batou-Ganton (Moluques),Mondialisation historique et contemporaine,,1833,1833,Lithographie sur papier,,2019,,,,,https://collections.quaibranly.fr/cc/imageproxy.ashx?server=localhost&port=15012&filename=Objets/Images/1000/1047737.JPG&cache=yes,https://collections.quaibranly.fr/#/objet/1047737
